UniProt	gene	ptm_pos	mutations_within_5_positions	mutation_count_within_5_positions	mutations_more_than_5_positions	mutation_count_more_than_5_positions	within5_linear_distance	morethan5_linear_distance	LTP Score	HTP Score	Of Interest?	Mutation at PTM Site?
P04637	TP53	215	R213Q-6.45¬Å, H214R-3.82¬Å, S215I-0.00¬Å, V216M-3.80¬Å	4	R158L-6.67¬Å, A159V-5.69¬Å, A161T-7.52¬Å, H193R-7.52¬Å, L194R-8.78¬Å, I195T-7.51¬Å, Y205C-6.02¬Å	7	0,1,2	10,20,21,22,54,56,57	6	0		yes
P04637	TP53	220	V218E-6.34¬Å, Y220C-0.00¬Å	2	P151S-8.31¬Å, P152L-9.49¬Å, G154V-7.44¬Å, R156P-4.83¬Å, V157F-5.79¬Å, R158L-9.46¬Å, D259V-9.53¬Å	7	0,2	39,62,63,64,66,68,69	1	0		yes
P04637	TP53	249	G245S-9.06¬Å, M246V-5.48¬Å, R248Q-3.86¬Å, R249S-0.00¬Å, P250L-3.86¬Å, I251S-6.56¬Å	6	Y163C-6.70¬Å, K164E-7.63¬Å, H168R-8.14¬Å, V173M-9.86¬Å, S241F-7.75¬Å, C242F-9.66¬Å, R273C-9.43¬Å	7	0,1,2,3,4	7,8,24,76,81,85,86	3	0		yes
P04637	TP53	126	T125M-3.83¬Å, Y126C-0.00¬Å, S127F-3.84¬Å, L130V-8.59¬Å, N131I-7.51¬Å	5	K132N-5.87¬Å, C135Y-8.52¬Å, C141Y-9.51¬Å, E271K-9.65¬Å, V272M-9.20¬Å, P278S-8.99¬Å	6	0,1,4,5	6,9,15,145,146,152	1	0		yes
P60484	PTEN	13	S10N-5.44¬Å, R14M-3.83¬Å, R15T-6.25¬Å	3	D24G-7.29¬Å, G36R-9.61¬Å, A126T-9.07¬Å, G127V-8.72¬Å, R159S-5.93¬Å, G165R-8.72¬Å	6	1,2,3	11,23,113,114,146,152	6	0		no
P60484	PTEN	128	H123Y-8.29¬Å, C124S-7.50¬Å, A126T-5.39¬Å, G127V-3.86¬Å, K128Q-0.00¬Å, G129E-3.87¬Å, R130G-6.03¬Å, T131I-5.46¬Å, G132D-5.68¬Å	9	S10N-9.93¬Å, G36R-7.89¬Å, H93R-9.79¬Å, Y155C-9.20¬Å, R159S-7.66¬Å, G165R-5.85¬Å	6	0,1,2,3,4,5	27,31,35,37,92,118	3	0		yes
Q06124	PTPN11	63	G60V-8.29¬Å, D61V-7.36¬Å	2	E69K-8.52¬Å, F71L-5.13¬Å, A72V-6.22¬Å, E76K-9.65¬Å, S506P-8.19¬Å, G507V-9.60¬Å	6	2,3	6,8,9,13,443,444	1	84		no
P04637	TP53	234	I232T-6.36¬Å, Y234C-0.00¬Å, Y236C-6.83¬Å, M237I-9.78¬Å	4	C141Y-4.94¬Å, A159V-9.05¬Å, I195T-6.66¬Å, G199V-9.36¬Å, V216M-9.77¬Å	5	0,2,3	18,35,39,75,93	0	1		yes
P16455	MGMT	156	A158V-6.94¬Å	1	P113R-9.63¬Å, A114S-9.50¬Å, L148S-7.86¬Å, G162A-7.92¬Å, R166K-9.70¬Å	5	2	6,8,10,42,43	?	?		no
P60484	PTEN	125	H123Y-6.84¬Å, C124S-3.85¬Å, A126T-3.85¬Å, G127V-5.92¬Å, K128Q-8.07¬Å, G129E-9.40¬Å, R130G-8.52¬Å	7	G36R-5.68¬Å, P38S-8.67¬Å, R47K-9.17¬Å, C71Y-6.61¬Å, D92Y-7.84¬Å	5	1,2,3,4,5	33,54,78,87,89	2	0		no
O95573	ACSL3	683	R681C-6.40¬Å	1	F624C-6.98¬Å, E646K-8.56¬Å, C649R-6.21¬Å, Y709F-9.36¬Å	4	2	26,34,37,59	0	17		no
P01112	HRAS	117	K117N-0.00¬Å, C118Y-3.84¬Å, L120P-5.73¬Å	3	R123H-8.88¬Å, E143K-7.93¬Å, T144A-6.16¬Å, K147N-7.51¬Å	4	0,1,3	6,26,27,30	1	1		yes
P01112	HRAS	118	K117N-3.84¬Å, C118Y-0.00¬Å, L120P-5.39¬Å, R123H-7.86¬Å	4	S127Y-9.55¬Å, E143K-6.25¬Å, T144A-5.76¬Å, K147N-9.19¬Å	4	0,1,2,5	9,25,26,29	?	?		yes
P04637	TP53	120	K120E-0.00¬Å	1	C277F-6.43¬Å, P278S-7.52¬Å, G279E-5.66¬Å, D281H-9.84¬Å	4	0	157,158,159,161	46	29		yes
P04637	TP53	132	S127F-5.24¬Å, L130V-4.99¬Å, N131I-3.84¬Å, K132N-0.00¬Å, M133K-3.80¬Å, F134L-6.57¬Å, C135Y-9.90¬Å	7	E271K-4.38¬Å, V272M-5.64¬Å, E285K-9.81¬Å, E286K-9.98¬Å	4	0,1,2,3,5	139,140,153,154	2	2		yes
P04637	TP53	269	R267W-7.05¬Å, F270S-3.82¬Å, E271K-7.07¬Å, V272M-9.70¬Å	4	R110L-9.10¬Å, K132N-9.42¬Å, A159V-9.25¬Å, A161T-9.54¬Å	4	1,2,3	108,110,137,159	3	1		no
P42574	CASP3	150	R147C-9.11¬Å, G153E-8.68¬Å	2	H108N-4.94¬Å, R111K-8.42¬Å, S112N-9.80¬Å, F143S-9.48¬Å	4	3	7,38,39,42	3	0		no
P46777	RPL5	219	Q222P-5.41¬Å, F223L-5.64¬Å	2	Y207H-9.14¬Å, M208T-6.73¬Å, R209H-8.88¬Å, Y226H-9.89¬Å	4	3,4	7,10,11,12	0	1		no
P61586	RHOA	19	G17A-5.61¬Å, C20G-3.84¬Å, L22R-5.20¬Å	3	Y34C-9.08¬Å, E40Q-8.54¬Å, D59N-6.34¬Å, A161T-9.27¬Å	4	1,2,3	15,21,40,142	0	2		no
P61586	RHOA	26	L22R-6.02¬Å	1	C20G-9.87¬Å, Y42C-7.17¬Å, L57V-8.88¬Å, R168T-9.98¬Å	4	4	6,16,31,142	1	2		no
Q06124	PTPN11	62	G60V-6.10¬Å, D61V-3.88¬Å	2	F71L-5.78¬Å, A72V-5.34¬Å, S506P-6.64¬Å, G507V-8.98¬Å	4	1,2	9,10,444,445	1	2117	!!!	no
Q16394	EXT1	617	D615N-7.18¬Å	1	A594T-7.40¬Å, P668L-5.99¬Å, P716T-9.63¬Å, Q721R-8.78¬Å	4	2	23,51,99,104	0	1		no
O43791	SPOP	119	M117V-6.99¬Å, R121Q-5.47¬Å	2	F102V-5.56¬Å, W131G-8.77¬Å, F133V-8.74¬Å	3	2	12,14,17	1	0		no
P00533	EGFR	253	R252C-3.83¬Å, D256G-9.83¬Å	2	R108K-9.38¬Å, T263P-7.01¬Å, A289V-6.02¬Å	3	1,3	10,36,145	0	1		no
P01116	KRAS	117	K117N-0.00¬Å, D119H-5.26¬Å	2	V14I-7.89¬Å, L19F-9.87¬Å, A146T-6.74¬Å	3	0,2	29,98,103	0	6		yes
P04637	TP53	115	F113C-6.37¬Å	1	T125M-7.57¬Å, Y126C-6.99¬Å, S127F-8.72¬Å	3	2	10,11,12	0	1		no
P04637	TP53	139	C135Y-6.78¬Å, Q136E-5.50¬Å, A138V-3.88¬Å, K139N-0.00¬Å, C141Y-6.43¬Å	5	Y234C-8.13¬Å, Y236C-7.13¬Å, M237I-8.57¬Å	3	0,1,2,3,4	95,97,98	1	0		yes
P04637	TP53	164	A161T-9.30¬Å, I162F-6.35¬Å, Y163C-3.86¬Å, K164E-0.00¬Å, H168R-7.37¬Å, M169I-6.26¬Å	6	R249S-7.63¬Å, P250L-5.61¬Å, V272M-9.84¬Å	3	0,1,2,3,4,5	85,86,108	13	1		yes
P04637	TP53	213	D208G-5.42¬Å, T211I-5.26¬Å, R213Q-0.00¬Å, H214R-3.77¬Å, S215I-6.45¬Å	5	A161T-8.30¬Å, V173M-7.40¬Å, H193R-9.36¬Å	3	0,1,2,5	20,40,52	0	1		yes
P18074	ERCC2	671	T672M-3.86¬Å	1	S44L-9.82¬Å, T484M-9.29¬Å, S737P-7.70¬Å	3	1	66,187,627	0	1		no
P25445	FAS	246	R250Q-6.01¬Å	1	I259T-7.35¬Å, Q273R-9.32¬Å, L278P-8.87¬Å	3	4	13,27,32	0	1		no
P31040	SDHA	512	S509L-5.05¬Å, R512L-0.00¬Å	2	E564K-9.63¬Å, E567Q-9.60¬Å, M572L-8.43¬Å	3	0,3	52,55,60	0	1		yes
P31939	ATIC	464	A462V-5.49¬Å, L467V-4.96¬Å, H469Y-9.05¬Å	3	D492N-7.74¬Å, V495A-5.93¬Å, G497E-9.97¬Å	3	2,3,5	28,31,33	0	10		no
P35268	RPL22	101	R97C-6.78¬Å, R101C-0.00¬Å	2	K88N-7.97¬Å, E111K-8.26¬Å, R113C-5.33¬Å	3	0,4	10,12,13	0	1		yes
P40337	VHL	72	V74D-6.17¬Å	1	S111N-5.14¬Å, H115Y-9.22¬Å, G144R-9.59¬Å	3	2	39,43,72	3	1		no
P40337	VHL	80	N78D-5.41¬Å, S80R-0.00¬Å, R82P-5.36¬Å	3	D121Y-9.52¬Å, L128H-8.48¬Å, I151T-6.45¬Å	3	0,2	41,48,71	1	2		yes
P42574	CASP3	152	R147C-8.89¬Å, G153E-3.86¬Å	2	H108N-9.63¬Å, F143S-8.58¬Å, D192N-7.91¬Å	3	1,5	9,40,44	1	0		no
P49802	RGS7	434	R437H-5.13¬Å	1	L351I-7.58¬Å, S357L-9.84¬Å, L360V-9.82¬Å	3	3	74,77,83	1	0		no
P60484	PTEN	68	Y68C-0.00¬Å, C71Y-9.32¬Å	2	H123Y-6.24¬Å, C124S-8.57¬Å, M134I-9.96¬Å	3	0,3	55,56,66	2	1		yes
P60484	PTEN	155	D153Y-5.44¬Å, Y155C-0.00¬Å, R159S-5.73¬Å	3	G132D-6.53¬Å, C136R-6.98¬Å, G165R-6.10¬Å	3	0,2,4	10,19,23	2	1		yes
P60484	PTEN	174	S170N-6.56¬Å, Q171E-5.49¬Å, R173C-3.84¬Å, Y174C-0.00¬Å	4	I101T-8.83¬Å, M134I-9.43¬Å, C136R-9.99¬Å	3	0,1,3,4	38,40,73	2	13		yes
P61586	RHOA	41	E40Q-3.82¬Å, Y42C-3.80¬Å	2	L22R-9.39¬Å, L57V-5.66¬Å, D59N-6.04¬Å	3	1	16,18,19	?	?		no
P61586	RHOA	42	E40Q-6.90¬Å, Y42C-0.00¬Å	2	L22R-7.70¬Å, L57V-4.94¬Å, D59N-7.93¬Å	3	0,2	15,17,20	6	0		yes
P61586	RHOA	118	K118N-0.00¬Å	1	G17A-7.44¬Å, A161T-6.63¬Å, K164N-9.84¬Å	3	0	43,46,101	0	6		yes
Q06124	PTPN11	59	G60V-3.83¬Å, D61V-5.94¬Å	2	S506P-8.23¬Å, G507V-7.41¬Å, Q510P-9.99¬Å	3	1,2	447,448,451	0	3		no
Q06124	PTPN11	466	A465T-3.86¬Å	1	D61V-9.31¬Å, T357M-9.44¬Å, S506P-9.87¬Å	3	1	40,109,405	?	?		no
Q13485	SMAD4	504		0	E330K-9.81¬Å, A406V-9.16¬Å, W524C-4.04¬Å	3		20,98,174	0	2		no
Q13951	CBFB	85	R83L-5.41¬Å, D87N-6.64¬Å	2	Q67H-8.78¬Å, P70S-8.34¬Å, A99V-6.48¬Å	3	2	14,15,18	0	5		no
Q15796	SMAD2	417	R415I-6.91¬Å, S417R-0.00¬Å, G421W-6.63¬Å	3	S433G-9.94¬Å, W437C-4.03¬Å, I438M-6.45¬Å	3	0,2,4	16,20,21	1	1		yes
Q15831	STK11	240	W239C-3.84¬Å, G242W-5.39¬Å	2	P179Q-9.98¬Å, S216F-9.11¬Å, P221L-7.24¬Å	3	1,2	19,24,61	0	1		no
Q15910	EZH2	690	S695L-9.36¬Å	1	T723I-5.67¬Å, E725K-5.00¬Å, E726D-7.46¬Å	3	5	33,35,36	0	1		no
E9PAV3	NACA	2054	V2053L-3.84¬Å, S2054L-0.00¬Å	2	E2045Q-9.58¬Å, R2060Q-9.92¬Å	2	0,1	6,9	0	5		yes
O43815	STRN	458	K456T-7.11¬Å	1	A746D-9.97¬Å, V778F-6.48¬Å	2	2	288,320	?	?		no
O75175	CNOT3	635	R633C-6.35¬Å, R640W-8.08¬Å	2	E679K-7.85¬Å, G680C-8.91¬Å	2	2,5	44,45	0	3		no
O95573	ACSL3	679	R681C-7.21¬Å	1	F624C-8.89¬Å, V658A-9.94¬Å	2	2	21,55	0	6		no
P00533	EGFR	290	A289V-3.92¬Å, V292M-6.50¬Å	2	D256G-6.06¬Å, T263P-9.48¬Å	2	1,2	27,34	0	1		no
P00533	EGFR	714		0	A743T-8.94¬Å, I744V-7.61¬Å	2		29,30	2	2		no
P00533	EGFR	745	A743T-6.47¬Å, I744V-3.87¬Å	2	G719A-9.24¬Å, T790M-8.13¬Å	2	1,2	26,45	1	1		no
P00533	EGFR	790	T790M-0.00¬Å	1	A743T-5.20¬Å, I744V-6.59¬Å	2	0	46,47	?	?		yes
P02545	LMNA	450	D446N-5.76¬Å, E448D-5.76¬Å	2	T496M-9.99¬Å, A500S-8.35¬Å	2	2,4	46,50	0	15		no
P02545	LMNA	457		0	V440M-5.87¬Å, A441V-6.83¬Å	2		16,17	0	3		no
P02545	LMNA	458		0	V440M-7.45¬Å, A441V-9.72¬Å	2		17,18	0	261	!!!	no
P02786	TFRC	717	R719C-5.44¬Å, N722S-8.56¬Å	2	D631Y-9.89¬Å, A711T-9.70¬Å	2	2,5	6,86	0	2		no
P04049	RAF1	491	I494L-5.66¬Å, L496F-8.91¬Å	2	I466T-9.90¬Å, D467G-8.55¬Å	2	3,5	24,25	5	0		no
P04439	HLA-A	210		0	A229D-5.56¬Å, F232L-7.23¬Å	2		19,22	0	3		no
P04637	TP53	106	G105C-3.82¬Å, S106R-0.00¬Å, Y107D-3.86¬Å, G108S-5.81¬Å, F109C-7.85¬Å	5	P151S-8.93¬Å, G266V-7.69¬Å	2	0,1,2,3	45,160	1	1		yes
P04637	TP53	110	G105C-9.32¬Å, Y107D-9.10¬Å, G108S-6.34¬Å, F109C-3.84¬Å, R110L-0.00¬Å, L111R-3.82¬Å	6	G266V-8.12¬Å, R267W-7.65¬Å	2	0,1,2,3,5	156,157	0	1		yes
P05771	PRKCB	199	D203N-7.02¬Å	1	R239I-8.17¬Å, E243D-8.66¬Å	2	4	40,44	0	5		no
P05771	PRKCB	481	D484N-9.97¬Å	1	D427N-8.89¬Å, G453S-8.63¬Å	2	3	28,54	?	?		no
P08922	ROS1	2274		0	M2264I-8.59¬Å, E2265K-6.05¬Å	2		9,10	3	15		no
P21580	TNFAIP3	778	N776S-5.72¬Å, Y778C-0.00¬Å, E781K-7.94¬Å	3	A764V-6.46¬Å, G771D-4.33¬Å	2	0,2,3	7,14	0	2		yes
P21860	ERBB3	250	A245V-7.92¬Å	1	R258H-8.94¬Å, G284R-6.13¬Å	2	5	8,34	0	1		no
P25445	FAS	291	A290V-3.86¬Å, L294S-5.12¬Å	2	D228N-8.46¬Å, H285Y-9.74¬Å	2	1,3	6,63	3	0		no
P27635	RPL10	61	E66Q-8.68¬Å	1	I97M-9.40¬Å, P160S-9.45¬Å	2	5	36,99	0	1		no
P29320	EPHA3	742	R745Q-9.40¬Å	1	R769H-7.99¬Å, T802R-8.50¬Å	2	3	27,60	1	2		no
P29320	EPHA3	768	R769H-3.86¬Å	1	R745Q-6.42¬Å, D746Y-8.50¬Å	2	1	22,23	1	3		no
P29350	PTPN6	26		0	Y98C-4.36¬Å, G477S-8.00¬Å	2		72,451	0	4		no
P31040	SDHA	530	V531M-3.86¬Å	1	H522Y-9.21¬Å, E583Q-8.70¬Å	2	1	8,53	0	5		no
P31314	TLX1	236	R231H-8.63¬Å, A233T-5.22¬Å, K236E-0.00¬Å	3	E230K-9.89¬Å, D242N-8.35¬Å	2	0,3,5	6	0	1		yes
P36888	FLT3	591	V592A-3.82¬Å, F594I-9.27¬Å	2	Q577P-6.40¬Å, V579A-4.63¬Å	2	1,3	12,14	16	0		no
P36888	FLT3	623	S618L-4.11¬Å	1	G617E-5.62¬Å, D835H-9.86¬Å	2	5	6,212	0	1		no
P40337	VHL	79	N78D-3.85¬Å, S80R-3.84¬Å, R82P-8.66¬Å	3	V130F-9.56¬Å, I151T-5.50¬Å	2	1,3	51,72	0	4		no
P40337	VHL	111	S111N-0.00¬Å, H115Y-6.86¬Å	2	V74D-6.59¬Å, W88R-9.60¬Å	2	0,4	23,37	1	1		yes
P40337	VHL	112	S111N-3.84¬Å, H115Y-5.65¬Å	2	S65L-8.97¬Å, V74D-8.99¬Å	2	1,3	38,47	1	0		no
P40337	VHL	175	L178P-5.72¬Å	1	L184P-9.02¬Å, L188P-7.08¬Å	2	3	9,13	1	0		no
P41212	ETV6	401	R396G-8.84¬Å, A397T-6.25¬Å, L398Q-4.98¬Å, R399C-5.38¬Å, H400R-3.86¬Å, Y401C-0.00¬Å, L404V-5.07¬Å	7	I407T-5.41¬Å, M420I-9.67¬Å	2	0,1,2,3,4,5	6,19	0	3		yes
P42574	CASP3	105	R101C-6.50¬Å, H108N-8.60¬Å	2	F143S-9.00¬Å, R147C-8.49¬Å	2	3,4	38,42	0	4		no
P46777	RPL5	220	Q222P-5.93¬Å, F223L-5.60¬Å	2	M208T-9.87¬Å, Y226H-9.13¬Å	2	2,3	6,12	0	60		no
P48735	IDH2	413	M411I-6.89¬Å, A416V-5.08¬Å, G417V-5.89¬Å	3	G421S-9.84¬Å, T434N-9.18¬Å	2	2,3,4	8,21	6	10		no
P51532	SMARCA4	1227	G1224E-5.29¬Å, G1226C-3.88¬Å	2	E946K-9.42¬Å, A1250V-7.39¬Å	2	1,3	23,281	0	3		no
P60484	PTEN	6	K6E-0.00¬Å, S10N-6.23¬Å	2	D24G-8.05¬Å, R47K-5.83¬Å	2	0,4	18,41	0	1		yes
P60484	PTEN	27	Y27D-0.00¬Å	1	R14M-9.54¬Å, R159S-8.06¬Å	2	0	13,132	1	0		yes
P60484	PTEN	138	M134I-6.22¬Å, C136R-5.46¬Å, A137V-3.86¬Å, R142W-6.20¬Å	4	I101T-8.25¬Å, G132D-9.79¬Å	2	1,2,4	6,37	3	0		no
P60484	PTEN	164	R159S-8.49¬Å, D162V-5.35¬Å, G165R-3.87¬Å, T167S-5.99¬Å	4	G129E-9.16¬Å, Y155C-8.90¬Å	2	1,2,3,5	9,35	0	1		no
P60484	PTEN	176	Q171E-9.10¬Å, R173C-4.96¬Å, Y174C-5.32¬Å, L181P-8.76¬Å	4	C136R-9.68¬Å, S170N-9.84¬Å	2	2,3,5	6,40	0	11		no
P60484	PTEN	178	R173C-8.62¬Å, Y174C-6.09¬Å, L181P-5.15¬Å	3	I101T-7.52¬Å, C136R-9.61¬Å	2	3,4,5	42,77	0	11		no
P61244	MAX	40	R35L-8.68¬Å, R36W-6.12¬Å, H38P-5.41¬Å, D41Y-3.84¬Å, S42I-5.46¬Å	5	L46S-9.84¬Å, R60Q-9.30¬Å	2	1,2,4,5	6,20	0	1		no
P61586	RHOA	7	R5Q-6.92¬Å	1	L57V-6.23¬Å, P75S-9.39¬Å	2	2	50,68	?	?		no
P61586	RHOA	34	Y34C-0.00¬Å	1	G17A-9.19¬Å, C20G-8.75¬Å	2	0	14,17	2	15		yes
P61586	RHOA	37	Y34C-8.98¬Å, E40Q-7.20¬Å	2	D59N-7.52¬Å, G62E-7.77¬Å	2	3	22,25	?	?		no
P61586	RHOA	60	L57V-9.85¬Å, D59N-3.82¬Å, G62E-6.45¬Å	3	E40Q-6.87¬Å, L69P-9.11¬Å	2	1,2,3	9,20	?	?		no
P84022	SMAD3	388	R386S-5.72¬Å	1	G379A-9.46¬Å, A382V-9.40¬Å	2	2	6,9	3	1		no
Q00653	NFKB2	812	R808Q-8.70¬Å, G815D-5.24¬Å, S816N-6.27¬Å	3	D783H-6.59¬Å, G784R-9.51¬Å	2	3,4	28,29	0	2		no
Q06124	PTPN11	73	F71L-5.59¬Å, A72V-3.87¬Å, E76K-5.21¬Å	3	R502W-7.21¬Å, S506P-7.89¬Å	2	1,2,3	429,433	1	0		no
Q06124	PTPN11	263	R265Q-6.63¬Å	1	F285S-6.28¬Å, R502W-8.58¬Å	2	2	22,239	0	8		no
Q06124	PTPN11	460	A465T-8.50¬Å	1	D61V-6.93¬Å, T357M-6.83¬Å	2	5	103,399	?	?		no
Q07812	BAX	135	P130L-9.12¬Å, E131K-6.46¬Å, I133M-5.41¬Å, W139C-6.31¬Å	4	P88S-9.62¬Å, R89Q-8.55¬Å	2	2,4,5	46,47	0	1		no
Q07864	POLE	425	L424I-3.88¬Å, A426V-3.85¬Å	2	P436R-5.96¬Å, A465V-7.97¬Å	2	1	11,40	0	2		no
Q13485	SMAD4	385	G386V-3.87¬Å	1	D351N-5.01¬Å, C363Y-9.48¬Å	2	1	22,34	0	4		no
Q14145	KEAP1	602	R601L-3.83¬Å, G603V-3.85¬Å	2	G333C-5.29¬Å, R554Q-8.88¬Å	2	1	48,269	1	1		no
Q14202	ZMYM3	1306	F1301L-9.11¬Å	1	E1331K-5.97¬Å, L1334I-6.65¬Å	2	5	25,28	0	5		no
Q15233	NONO	115	R115H-0.00¬Å	1	R75C-4.21¬Å, E102K-5.34¬Å	2	0	13,40	0	1		yes
Q15831	STK11	178	P179Q-3.88¬Å	1	S216F-7.98¬Å, G242W-9.56¬Å	2	1	38,64	2	0		no
Q7KZF4	SND1	857	G852W-8.81¬Å, G859E-5.43¬Å, M862V-9.65¬Å	3	A885D-5.50¬Å, A888S-9.72¬Å	2	2,5	28,31	0	32		no
Q86W92	PPFIBP1	802	A800T-5.41¬Å	1	I781F-9.98¬Å, L840I-9.95¬Å	2	2	21,38	0	1		no
O14920	IKBKB	476	S471F-8.56¬Å	1	V633A-8.58¬Å	1	5	157	0	1		no
O15164	TRIM24	1042	K1038E-6.10¬Å, R1039C-5.02¬Å, K1041R-3.85¬Å, I1043V-3.87¬Å, R1046H-6.02¬Å, Q1047H-8.67¬Å	6	R1036W-9.75¬Å	1	1,3,4,5	6	?	?		no
O15169	AXIN1	148	R146Q-5.98¬Å	1	D113N-7.33¬Å	1	2	35	0	1		no
O43815	STRN	456	K456T-0.00¬Å	1	V778F-5.65¬Å	1	0	322	0	2		yes
O60674	JAK2	613		0	R564Q-9.06¬Å	1		49	1	0		no
O60716	CTNND1	587	R584Q-4.97¬Å	1	R545H-8.68¬Å	1	3	42	0	2		no
O60885	BRD4	498	S499L-3.16¬Å	1	D414N-9.63¬Å	1	1	84	1	1		no
O75874	IDH1	34	P33S-3.86¬Å	1	F355V-8.32¬Å	1	1	321	0	3		no
O75874	IDH1	106		0	C297S-6.57¬Å	1		191	?	?		no
O95251	KAT7	506	G505A-3.81¬Å, P507L-3.84¬Å, R509C-9.02¬Å	3	A549S-8.64¬Å	1	1,3	43	0	7		no
O95251	KAT7	524	R520C-6.12¬Å, L528P-6.17¬Å, R529C-8.66¬Å	3	A561T-8.93¬Å	1	4,5	37	0	1		no
O95835	LATS1	751	A748T-5.22¬Å, E753Q-5.46¬Å	2	F1078C-7.12¬Å	1	2,3	327	1	0		no
P00519	ABL1	229	A225V-9.17¬Å	1	A75T-7.75¬Å	1	4	154	0	67		no
P00533	EGFR	623	C628Y-9.84¬Å	1	C636Y-8.76¬Å	1	5	13	0	1		no
P00533	EGFR	716	G719A-9.30¬Å	1	A743T-9.96¬Å	1	3	27	5	5		no
P01111	NRAS	89	N86K-5.51¬Å, S87N-5.50¬Å, D92N-5.07¬Å	3	G60E-9.91¬Å	1	2,3	29	2	1		no
P01111	NRAS	147	A146T-3.87¬Å	1	Q22K-7.89¬Å	1	1	125	0	9		no
P01116	KRAS	64	A59T-6.49¬Å, G60D-7.79¬Å, Q61H-5.97¬Å, E62K-5.35¬Å, E63K-3.86¬Å, Y64D-0.00¬Å, R68M-7.20¬Å	7	T58I-8.95¬Å	1	0,1,2,3,4,5	6	3	8		yes
P01116	KRAS	118	K117N-3.84¬Å, D119H-3.87¬Å	2	A146T-8.85¬Å	1	1	28	?	?		no
P01116	KRAS	144	A146T-6.40¬Å	1	K117N-6.21¬Å	1	2	27	1	0		no
P01116	KRAS	147	A146T-3.88¬Å	1	K117N-7.41¬Å	1	1	30	2	10		no
P01116	KRAS	148	A146T-5.77¬Å	1	K117N-9.00¬Å	1	2	31	1	1		no
P02786	TFRC	499		0	Y611H-9.98¬Å	1		112	0	2		no
P02786	TFRC	503	T504M-3.84¬Å	1	Y611H-9.85¬Å	1	1	108	0	1		no
P02786	TFRC	720	R719C-3.86¬Å, N722S-6.06¬Å	2	D631Y-8.48¬Å	1	1,2	89	0	2		no
P04439	HLA-A	123		0	L150P-9.44¬Å	1		27	?	?		no
P04439	HLA-A	137	R135C-6.87¬Å	1	L150P-6.52¬Å	1	2	13	0	2		no
P04439	HLA-A	145		0	Q120H-9.14¬Å	1		25	0	4		no
P04439	HLA-A	147		0	Q120H-9.43¬Å	1		27	0	1		no
P04629	NTRK1	729		0	R692C-9.33¬Å	1		37	0	2		no
P04637	TP53	149	P151S-6.40¬Å, P152L-9.51¬Å	2	S106R-8.34¬Å	1	2,3	43	4	2		no
P04637	TP53	155	P151S-6.38¬Å, P152L-5.99¬Å, G154V-3.86¬Å, T155N-0.00¬Å, R156P-3.85¬Å, V157F-7.11¬Å	6	Y220C-5.46¬Å	1	0,1,2,3,4	65	5	1		yes
P04637	TP53	284	G279E-8.68¬Å, R280K-6.21¬Å, D281H-5.09¬Å, R282W-5.48¬Å, R283P-3.82¬Å, E285K-3.83¬Å, E286K-5.57¬Å	7	P278S-9.94¬Å	1	1,2,3,4,5	6	1	1		no
P04637	TP53	291	E286K-8.72¬Å	1	E285K-9.85¬Å	1	5	6	3	1		no
P05771	PRKC=B	195	V196L-3.84¬Å	1	E243D-8.42¬Å	1	1	48	0	33		no
P05771	PRKCB	197	V196L-3.83¬Å	1	E243D-5.10¬Å	1	1	46	0	5		no
P05771	PRKCB	241	R239I-5.95¬Å, E243D-6.39¬Å	2	D203N-9.83¬Å	1	2	38	?	?		no
P05771	PRKCB	391	R392W-3.85¬Å	1	S660F-7.14¬Å	1	1	269	?	?		no
P05771	PRKCB	661	E657K-8.68¬Å, S660F-3.85¬Å	2	R336Q-8.75¬Å	1	1,4	325	14	1		no
P06239	LCK	192	R196Q-8.35¬Å	1	R184C-5.42¬Å	1	4	8	6	1084	!!	no
P06239	LCK	194	R196Q-5.34¬Å	1	R184C-8.83¬Å	1	2	10	1	12		no
P06239	LCK	198	R196Q-6.77¬Å	1	R184C-9.68¬Å	1	2	14	0	3		no
P06400	RB1	321	E322K-3.85¬Å	1	R334I-8.43¬Å	1	1	13	0	4		no
P06400	RB1	325	E322K-4.95¬Å	1	R334I-9.77¬Å	1	3	9	0	4		no
P06753	TPM3	238	R239H-3.86¬Å, A243T-8.60¬Å	2	K232N-9.86¬Å	1	1,5	6	?	?		no
P07949	RET	350	A349V-3.87¬Å	1	E337K-4.55¬Å	1	1	13	0	1		no
P07949	RET	1015		0	E595K-9.06¬Å	1		420	12	0		no
P07954	FH	491	E488K-7.95¬Å	1	F497L-9.76¬Å	1	3	6	0	69	!!	no
P08575	PTPRC	860	G865R-8.47¬Å	1	Q897H-9.44¬Å	1	5	37	0	1		no
P08575	PTPRC	862	G865R-4.91¬Å	1	Q897H-8.42¬Å	1	3	35	0	1		no
P08581	MET	1093		0	V1110I-6.53¬Å	1		17	0	31	!	no
P10275	AR	610	D605N-9.05¬Å, R608Q-5.38¬Å	2	R616C-8.41¬Å	1	2,5	6	1	2		no
P10721	KIT	578	L576P-6.59¬Å	1	K642E-5.69¬Å	1	2	64	0	2		no
P10721	KIT	642	K642E-0.00¬Å	1	L576P-6.09¬Å	1	0	66	?	?		yes
P10721	KIT	823	K818N-9.80¬Å, N822K-3.86¬Å	2	A829P-9.44¬Å	1	1,5	6	3	14		no
P11309	PIM1	94	V96M-5.65¬Å	1	C161S-9.69¬Å	1	2	67	0	1		no
P11309	PIM1	98	V96M-5.74¬Å	1	C161S-9.33¬Å	1	2	63	0	1		no
P11802	CDK4	22	K22M-0.00¬Å, R24L-7.12¬Å	2	E94K-9.73¬Å	1	0,2	72	0	4		yes
P15498	VAV1	802	R798Q-9.85¬Å	1	R828W-9.35¬Å	1	4	26	0	1		no
P18074	ERCC2	507	R511W-6.04¬Å	1	R683W-9.14¬Å	1	4	176	0	5		no
P19447	ERCC3	319	Q320E-3.86¬Å	1	R325Q-9.71¬Å	1	1	6	0	1		no
P21333	FLNA	1161	A1160T-3.88¬Å	1	V1240M-6.22¬Å	1	1	79	0	3		no
P21333	FLNA	1162	A1160T-5.51¬Å	1	V1240M-8.55¬Å	1	2	78	0	3		no
P21333	FLNA	1164	A1160T-8.91¬Å	1	V1240M-8.65¬Å	1	4	76	0	2		no
P21333	FLNA	2000	R2003C-9.72¬Å	1	V2007M-5.89¬Å	1	3	7	0	2		no
P21333	FLNA	2062		0	R2139Q-9.59¬Å	1		77	0	2		no
P21333	FLNA	2131	G2127D-9.51¬Å	1	E2059K-8.81¬Å	1	4	72	0	2		no
P21333	FLNA	2143		0	E2282K-9.10¬Å	1		139	0	4		no
P21333	FLNA	2284	E2282K-6.84¬Å	1	E2258K-9.22¬Å	1	2	26	0	13		no
P21860	ERBB3	353	T355I-6.22¬Å	1	K329E-6.85¬Å	1	2	24	0	1		no
P21860	ERBB3	414		0	T355I-9.14¬Å	1		59	?	?		no
P22607	FGFR3	648		0	R642W-6.88¬Å	1		6	1	18		no
P23458	JAK1	220	R219Q-3.87¬Å	1	A193T-4.88¬Å	1	1	27	0	2		no
P23468	PTPRD	1815	G1812R-9.15¬Å	1	R1898C-9.20¬Å	1	3	83	0	4		no
P23769	GATA2	376	A372T-6.12¬Å	1	P385L-9.44¬Å	1	4	9	?	?		no
P23771	GATA3	290	A287T-5.13¬Å, M294K-5.76¬Å	2	R299Q-9.21¬Å	1	3,4	9	0	3		no
P24385	CCND1	167		0	F232L-9.80¬Å	1		65	0	1		no
P24385	CCND1	238	I237L-3.88¬Å, D240N-7.03¬Å	2	F232L-9.74¬Å	1	1,2	6	0	11		no
P25445	FAS	287	Q283K-8.09¬Å, H285Y-6.93¬Å, A290V-5.87¬Å	3	D228N-6.38¬Å	1	2,3,4	59	0	1		no
P25445	FAS	288	H285Y-8.16¬Å, A290V-6.11¬Å	2	D228N-8.48¬Å	1	2,3	60	0	2		no
P25445	FAS	293	A290V-5.15¬Å, L294S-3.85¬Å	2	H285Y-8.74¬Å	1	1,3	8	0	1		no
P26038	MSN	388	R393C-8.59¬Å	1	R435Q-9.85¬Å	1	5	47	0	4		no
P26232	CTNNA2	15	P14H-3.87¬Å	1	R136H-7.82¬Å	1	1	121	0	12		no
P26232	CTNNA2	667	A668T-3.84¬Å, R669W-5.30¬Å	2	A673V-9.87¬Å	1	1,2	6	0	4		no
P27635	RPL10	158	R153C-9.69¬Å, A155T-5.59¬Å, F157L-3.87¬Å, P160S-6.93¬Å	4	E66Q-9.12¬Å	1	1,2,3,5	92	0	4		no
P27797	CALR	231	E234K-8.94¬Å	1	W275R-9.36¬Å	1	3	44	0	2		no
P30279	CCND2	173	S175F-5.68¬Å	1	S214L-8.88¬Å	1	2	41	0	1		no
P31040	SDHA	509	S509L-0.00¬Å, R512L-5.05¬Å	2	E564K-8.61¬Å	1	0,3	55	0	1		yes
P31040	SDHA	550	D553N-9.74¬Å	1	S509L-9.63¬Å	1	3	41	0	10		no
P31040	SDHA	585	E583Q-5.69¬Å, A584T-3.87¬Å, R585W-0.00¬Å, R589Q-9.48¬Å	4	A593V-9.83¬Å	1	0,1,2,4	8	0	1		yes
P31749	AKT1	39	E40K-3.83¬Å	1	L52R-6.93¬Å	1	1	13	0	4		no
P31749	AKT1	326	E322K-9.53¬Å, D323Y-8.56¬Å	2	L52R-9.89¬Å	1	3,4	274	3	28		no
P31939	ATIC	461	A462V-3.84¬Å	1	L467V-9.78¬Å	1	1	6	0	5		no
P35222	CTNNB1	331	E336K-7.83¬Å	1	K337I-7.27¬Å	1	5	6	1	2		no
P35222	CTNNB1	335	E336K-3.85¬Å, K337I-5.55¬Å	2	K294T-9.53¬Å	1	1,2	41	0	3		no
P35222	CTNNB1	472	R471H-3.87¬Å	1	R517Q-6.75¬Å	1	1	45	1	1		no
P35222	CTNNB1	473	R471H-5.74¬Å	1	R517Q-8.69¬Å	1	2	44	0	1		no
P35222	CTNNB1	574	G577R-5.03¬Å	1	R537Q-8.15¬Å	1	3	37	0	2		no
P35222	CTNNB1	619	C621Y-5.53¬Å	1	T655K-7.47¬Å	1	2	36	?	?		no
P35453	HOXD13	313	R308C-8.66¬Å, S310L-5.47¬Å, T313M-0.00¬Å	3	Y283C-9.43¬Å	1	0,3,5	30	0	1		yes
P35579	MYH9	90		0	A1436T-9.54¬Å	1		1346	?	?		no
P35579	MYH9	375	L377F-5.59¬Å	1	D384N-9.67¬Å	1	2	9	0	1		no
P35579	MYH9	391	R393H-6.54¬Å	1	D384N-9.74¬Å	1	2	7	0	7		no
P35579	MYH9	1918	S1916F-5.92¬Å	1	R1912H-9.77¬Å	1	2	6	0	16		no
P36888	FLT3	589	V592A-9.42¬Å	1	V579A-6.03¬Å	1	3	10	7	1		no
P36888	FLT3	597	V592A-9.85¬Å, F594I-5.16¬Å	2	K663R-6.82¬Å	1	3,5	66	2	0		no
P36888	FLT3	599	F594I-9.78¬Å	1	K663R-6.16¬Å	1	5	64	6	2		no
P36888	FLT3	614	G617E-9.17¬Å	1	A627T-7.67¬Å	1	3	13	0	2		no
P36888	FLT3	842	D839G-5.89¬Å, Y842H-0.00¬Å, V843A-3.82¬Å, R845G-9.23¬Å	4	D835H-9.99¬Å	1	0,1,3	7	5	78		yes
P40337	VHL	68	S65L-8.70¬Å	1	H115Y-8.26¬Å	1	3	47	2	2		no
P40337	VHL	159	L158V-3.87¬Å, R161P-5.54¬Å, C162Y-5.23¬Å	3	L184P-9.77¬Å	1	1,2,3	25	1	0		no
P40337	VHL	168	V165D-5.14¬Å, L169P-3.86¬Å	2	C162Y-9.96¬Å	1	1,3	6	1	0		no
P40337	VHL	185	L184P-3.85¬Å, L188P-5.06¬Å	2	L178P-8.24¬Å	1	1,3	7	0	6		no
P40763	STAT3	601	D598Y-5.23¬Å	1	Y672F-9.64¬Å	1	3	71	1	3		no
P40763	STAT3	674	Y672F-6.30¬Å	1	D598Y-8.54¬Å	1	2	76	0	3		no
P41212	ETV6	384	W380C-6.22¬Å	1	R378P-9.82¬Å	1	4	6	?	?		no
P41212	ETV6	402	A397T-8.91¬Å, L398Q-6.65¬Å, R399C-5.24¬Å, H400R-5.35¬Å, Y401C-3.88¬Å, L404V-5.47¬Å, I407T-5.50¬Å	7	M420I-9.11¬Å	1	1,2,3,4,5	18	0	3		no
P43246	MSH2	871	K871N-0.00¬Å	1	Y856C-8.07¬Å	1	0	15	0	4		yes
P43405	SYK	364	E362K-5.48¬Å	1	N422S-9.34¬Å	1	2	58	1	1		no
P46100	ATRX	2158		0	R2131Q-9.53¬Å	1		27	0	1		no
P46531	NOTCH1	1725		0	L1574P-9.13¬Å	1		151	?	?		no
P49711	CTCF	565	R566H-3.88¬Å	1	P552S-6.89¬Å	1	1	13	0	1		no
P49915	GMPS	676	P673S-8.80¬Å, R677Q-3.86¬Å	2	H619Y-5.53¬Å	1	1,3	57	0	1		no
P51532	SMARCA4	1386		0	R1037W-9.51¬Å	1		349	0	3		no
P51532	SMARCA4	1497	A1502V-8.90¬Å	1	P1538L-9.62¬Å	1	5	41	0	1		no
P52333	JAK3	886	R887C-3.85¬Å	1	T815M-8.53¬Å	1	1	71	0	1		no
P54277	PMS1	905	I901M-6.21¬Å, M904I-3.86¬Å, H906L-3.84¬Å	3	I912F-9.48¬Å	1	1,4	7	0	1		no
P54278	PMS2	748	I745V-5.06¬Å, G750C-5.57¬Å	2	Q714R-9.38¬Å	1	2,3	34	0	2		no
P54278	PMS2	766	E763K-7.70¬Å, S769F-9.60¬Å	2	D756N-7.72¬Å	1	3	10	0	1		no
P55287	CDH11	788	D790Y-5.68¬Å	1	Y769C-8.13¬Å	1	2	19	0	21		no
P60484	PTEN	46	E43K-5.98¬Å, G44D-5.47¬Å, R47K-3.88¬Å, N48S-7.06¬Å	4	S10N-8.98¬Å	1	1,2,3	36	1	45	!!	no
P60484	PTEN	163	R159S-7.72¬Å, D162V-3.89¬Å, G165R-5.85¬Å, T167S-9.32¬Å	4	Y155C-8.06¬Å	1	1,2,4	8	1	1		no
P60484	PTEN	179	Y174C-8.42¬Å, L181P-5.55¬Å	2	C136R-9.42¬Å	1	2,5	43	1	4		no
P60484	PTEN	180	L181P-3.84¬Å	1	Y174C-9.60¬Å	1	1	6	0	3		no
P60484	PTEN	254	D252Y-6.90¬Å	1	S170N-9.54¬Å	1	2	84	4	1		no
P60484	PTEN	319	L320S-3.84¬Å	1	K342N-6.76¬Å	1	1	23	1	1		no
P60484	PTEN	321	L320S-3.84¬Å, L325R-6.86¬Å	2	K342N-4.35¬Å	1	1,4	21	1	0		no
P60484	PTEN	327	L325R-6.32¬Å	1	F271S-5.07¬Å	1	2	56	1	0		no
P61244	MAX	42	H38P-6.30¬Å, D41Y-3.86¬Å, S42I-0.00¬Å, L46S-6.09¬Å, R47W-8.60¬Å	5	R36W-9.82¬Å	1	0,1,4,5	6	0	3		yes
P61586	RHOA	27	L22R-8.28¬Å	1	Y42C-9.46¬Å	1	5	15	?	?		no
P61586	RHOA	119	K118N-3.84¬Å	1	A161T-8.59¬Å	1	1	42	0	3		no
P63000	RAC1	32	P29S-7.36¬Å, P34R-6.55¬Å	2	C18Y-8.72¬Å	1	2,3	14	1	1		no
P63000	RAC1	39	S41F-6.94¬Å	1	S71F-9.98¬Å	1	2	32	?	?		no
P67936	TPM4	201	E196K-8.62¬Å, S206Y-8.62¬Å	2	E195Q-9.89¬Å	1	5	6	?	?		no
P78545	ELF3	362	S358L-9.59¬Å, G360V-5.90¬Å, W361C-3.86¬Å, E363K-3.83¬Å	4	F354V-9.60¬Å	1	1,2,4	8	0	2		no
P78549	NTHL1	160	A156V-8.17¬Å, R157W-7.77¬Å, S163I-5.43¬Å	3	W182C-9.50¬Å	1	3,4	22	?	?		no
P84243	H3-3B	37	G35V-6.13¬Å, K37M-0.00¬Å	2	P31L-9.98¬Å	1	0,2	6	1	16		yes
Q00653	NFKB2	811	R808Q-8.58¬Å, G815D-8.81¬Å, S816N-8.81¬Å	3	D783H-9.02¬Å	1	3,4,5	28	?	?		no
Q01105	SET	172	E170K-6.35¬Å	1	L152I-9.87¬Å	1	2	20	1	7		no
Q01105	SET	175	G176R-3.85¬Å	1	P145L-9.29¬Å	1	1	30	0	1		no
Q01196	RUNX1	207	R204Q-5.12¬Å	1	R201Q-9.42¬Å	1	3	6	1	2		no
Q02535	ID3	65	L64F-3.80¬Å, E68K-5.21¬Å, I69T-6.43¬Å	3	Q71K-9.99¬Å	1	1,3,4	6	1	0		no
Q06124	PTPN11	66	E69K-7.83¬Å	1	T42A-9.71¬Å	1	3	24	0	15		no
Q06124	PTPN11	80	E76K-5.91¬Å	1	E69K-9.75¬Å	1	4	11	0	1		no
Q06124	PTPN11	264	R265Q-3.88¬Å	1	F285S-5.79¬Å	1	1	21	0	1		no
Q06124	PTPN11	280		0	F71L-8.29¬Å	1		209	0	2		no
Q06124	PTPN11	515	Q510P-8.96¬Å, T511K-6.91¬Å, Q514L-3.84¬Å, R516Q-3.85¬Å	4	T472M-8.39¬Å	1	1,4,5	43	0	16		no
Q06187	BTK	623	I624M-3.86¬Å, S626F-5.20¬Å, L627V-6.13¬Å, G628W-8.58¬Å	4	E658K-9.70¬Å	1	1,3,4,5	35	0	1		no
Q07812	BAX	85	A82S-9.43¬Å, P88S-5.33¬Å, R89Q-9.03¬Å	3	A124V-7.38¬Å	1	3,4	39	0	1		no
Q07812	BAX	184	S180F-6.22¬Å, P182L-5.51¬Å, A184T-0.00¬Å, P186A-5.45¬Å	4	R94Q-8.18¬Å	1	0,2,4	90	9	0		yes
Q07812	BAX	186	P182L-6.08¬Å, A184T-5.45¬Å, P186A-0.00¬Å	3	S180F-9.87¬Å	1	0,2,4	6	1	0		yes
Q07864	POLE	431	A426V-8.43¬Å	1	A465V-9.96¬Å	1	5	34	0	1		no
Q08881	ITK	251	R246Q-8.63¬Å	1	G257D-9.84¬Å	1	5	6	0	1		no
Q09472	EP300	580	R580Q-0.00¬Å	1	R613W-8.42¬Å	1	0	33	?	?		yes
Q09472	EP300	611	R613W-5.49¬Å	1	L587F-9.55¬Å	1	2	24	0	3		no
Q09472	EP300	1518	E1514K-6.08¬Å	1	E1524K-9.80¬Å	1	4	6	1	0		no
Q12778	FOXO1	218	R214C-6.51¬Å	1	R225C-8.70¬Å	1	4	7	0	2		no
Q13485	SMAD4	95	P91S-6.48¬Å, H92Y-5.48¬Å, Y95C-0.00¬Å, R97H-5.32¬Å	4	P130S-6.13¬Å	1	0,2,3,4	35	0	1		yes
Q13485	SMAD4	113	A118V-9.25¬Å	1	H132Y-8.58¬Å	1	5	19	0	6		no
Q13485	SMAD4	519	W524C-8.13¬Å	1	E330K-7.77¬Å	1	5	189	2	3		no
Q13535	ATR	1019	R1015Q-6.22¬Å	1	R1025C-7.83¬Å	1	4	6	0	1		no
Q13618	CUL3	425	D426H-3.85¬Å	1	K731M-9.50¬Å	1	1	306	0	1		no
Q14145	KEAP1	131	R135H-6.33¬Å	1	V155F-8.87¬Å	1	4	24	0	8		no
Q14145	KEAP1	599	R601L-6.30¬Å	1	G333C-9.99¬Å	1	2	266	1	1		no
Q14203	DCTN1	1179	P1181L-7.13¬Å, A1183T-6.67¬Å	2	R1173H-8.33¬Å	1	2,4	6	0	3		no
Q14203	DCTN1	1180	P1181L-3.87¬Å, A1183T-5.11¬Å	2	R1173H-8.05¬Å	1	1,3	7	0	2		no
Q14790	CASP8	229	I226L-9.46¬Å	1	R307W-8.68¬Å	1	3	78	0	4		no
Q14790	CASP8	230		0	R307W-5.86¬Å	1		77	?	?		no
Q14832	GRM3	758	T758M-0.00¬Å	1	E767K-9.93¬Å	1	0	9	0	1		yes
Q14839	CHD4	959	R957W-6.97¬Å	1	R1162W-9.36¬Å	1	2	203	?	?		no
Q14839	CHD4	1073		0	R1127Q-8.75¬Å	1		54	?	?		no
Q14847	LASP1	78	R73H-8.58¬Å	1	L72F-9.93¬Å	1	5	6	0	1		no
Q15047	SETDB1	809		0	E696K-6.81¬Å	1		113	0	1		no
Q15047	SETDB1	1197	R1198H-3.89¬Å	1	E861K-8.96¬Å	1	1	336	0	1		no
Q15233	NONO	99	E102K-9.95¬Å	1	R115H-8.78¬Å	1	3	16	0	70	!!!	no
Q15233	NONO	107	H106Y-3.85¬Å, G110E-5.13¬Å	2	D84N-7.26¬Å	1	1,3	23	0	30		no
Q15303	ERBB4	875	E872K-7.00¬Å	1	V840I-9.08¬Å	1	3	35	0	7		no
Q15365	PCBP1	107		0	A345P-8.56¬Å	1		238	0	2		no
Q15375	EPHA7	653	G656E-8.60¬Å	1	D659Y-4.67¬Å	1	3	6	0	1		no
Q15468	STIL	60	R63Q-5.08¬Å	1	R99C-8.19¬Å	1	3	39	0	2		no
Q15910	EZH2	634	D635Y-3.85¬Å	1	S695L-9.11¬Å	1	1	61	1	2		no
Q15910	EZH2	641		0	R684H-5.98¬Å	1		43	1	0		no
Q7KZF4	SND1	641		0	A634T-9.02¬Å	1		7	0	49		no
Q9NYV4	CDK12	886	R890H-9.22¬Å	1	P915S-9.73¬Å	1	4	29	0	2		no
Q9NYV4	CDK12	893		0	R858W-9.93¬Å	1		35	1	82	!!	no
A0MZ66	SHTN1	485	R482H-4.90¬Å, R484K-3.85¬Å, A490S-8.38¬Å	3		0	1,3,5					no
O00291	HIP1	516	S516L-0.00¬Å	1		0	0					yes
O00291	HIP1	1009	R1005W-6.19¬Å, H1008Q-3.86¬Å, Y1009S-0.00¬Å, G1013V-6.01¬Å	4		0	0,1,4					yes
O00512	BCL9	362	R359Q-4.94¬Å, R361C-3.86¬Å	2		0	1,3					no
O00512	BCL9	1244	S1242Y-5.70¬Å	1		0	2					no
O00512	BCL9	1254	R1254Q-0.00¬Å	1		0	0					yes
O14522	PTPRT	412	G411S-3.86¬Å	1		0	1					no
O14522	PTPRT	415	G411S-6.15¬Å	1		0	4					no
O14522	PTPRT	767	V769M-5.52¬Å	1		0	2					no
O14522	PTPRT	1208	R1210H-5.39¬Å	1		0	2					no
O14647	CHD2	472	K471N-3.86¬Å	1		0	1					no
O14647	CHD2	828	P833S-7.49¬Å	1		0	5					no
O14647	CHD2	1213	K1211N-6.44¬Å	1		0	2					no
O14647	CHD2	1441	R1440Q-3.81¬Å	1		0	1					no
O14647	CHD2	1590	S1590C-0.00¬Å	1		0	0					yes
O14647	CHD2	1637	R1637Q-0.00¬Å	1		0	0					yes
O14647	CHD2	1785	R1788H-9.77¬Å	1		0	3					no
O14647	CHD2	1789	R1788H-3.89¬Å	1		0	1					no
O14647	CHD2	1828	R1826Q-6.96¬Å	1		0	2					no
O14654	IRS4	64	S62F-6.28¬Å	1		0	2					no
O14654	IRS4	202	R204H-5.63¬Å	1		0	2					no
O14654	IRS4	208	R204H-6.54¬Å	1		0	4					no
O14654	IRS4	728	R731H-9.53¬Å	1		0	3					no
O14654	IRS4	757	P756L-3.82¬Å	1		0	1					no
O14654	IRS4	835	G834R-3.35¬Å	1		0	1					no
O14654	IRS4	872	P873L-3.21¬Å	1		0	1					no
O14654	IRS4	874	P873L-3.91¬Å	1		0	1					no
O14654	IRS4	976	L978I-6.05¬Å	1		0	2					no
O14654	IRS4	1061	S1059Y-7.19¬Å	1		0	2					no
O14746	TERT	692	R696C-6.36¬Å	1		0	4					no
O14920	IKBKB	169	K171E-6.79¬Å	1		0	2					no
O14920	IKBKB	171	K171E-0.00¬Å	1		0	0					yes
O14920	IKBKB	199	V203I-7.05¬Å	1		0	4					no
O14920	IKBKB	239	R236W-8.51¬Å	1		0	3					no
O14920	IKBKB	246	D248Y-6.54¬Å	1		0	2					no
O14920	IKBKB	467	S471F-6.40¬Å	1		0	4					no
O14920	IKBKB	474	S471F-5.10¬Å	1		0	3					no
O14920	IKBKB	587	R592Q-8.60¬Å	1		0	5					no
O14920	IKBKB	679	R680Q-3.85¬Å	1		0	1					no
O14920	IKBKB	682	R680Q-6.61¬Å	1		0	2					no
O14920	IKBKB	703	K703N-0.00¬Å, K704N-3.85¬Å	2		0	0,1					yes
O14920	IKBKB	705	K703N-5.28¬Å, K704N-3.83¬Å	2		0	1,2					no
O14980	XPO1	568	E571K-4.92¬Å	1		0	3					no
O15119	TBX3	301	R304Q-5.58¬Å	1		0	3					no
O15119	TBX3	719	S719G-0.00¬Å, E720K-3.84¬Å, Q722L-5.16¬Å, S723I-6.15¬Å	4		0	0,1,3,4					yes
O15151	MDM4	20	R18S-5.27¬Å	1		0	2					no
O15151	MDM4	365	S367L-7.04¬Å	1		0	2					no
O15151	MDM4	367	S367L-0.00¬Å, P369S-6.68¬Å	2		0	0,2					yes
O15164	TRIM24	336	R339H-5.05¬Å	1		0	3					no
O15164	TRIM24	341	R339H-5.53¬Å	1		0	2					no
O15164	TRIM24	458	P460S-6.72¬Å	1		0	2					no
O15164	TRIM24	723	R721Q-6.25¬Å	1		0	2					no
O15534	PER1	830	R832Q-7.04¬Å	1		0	2					no
O15534	PER1	980	P981L-3.90¬Å	1		0	1					no
O15534	PER1	1100	D1102N-5.87¬Å	1		0	2					no
O15534	PER1	1103	D1102N-3.87¬Å	1		0	1					no
O15534	PER1	1104	D1102N-6.42¬Å	1		0	2					no
O43295	SRGAP3	214	R211H-5.24¬Å	1		0	3					no
O43295	SRGAP3	497	L496F-3.85¬Å	1		0	1					no
O43295	SRGAP3	554	S556F-5.42¬Å	1		0	2					no
O43295	SRGAP3	759	R758W-3.80¬Å, R761C-4.78¬Å	2		0	1,2					no
O43295	SRGAP3	837	S837F-0.00¬Å	1		0	0					yes
O43295	SRGAP3	919	A920T-3.82¬Å	1		0	1					no
O43295	SRGAP3	922	A920T-5.95¬Å	1		0	2					no
O43524	FOXO3	253	R250Q-9.13¬Å	1		0	3					no
O43524	FOXO3	307	A305V-6.26¬Å, R310C-9.58¬Å	2		0	2,3					no
O43524	FOXO3	311	R310C-3.78¬Å	1		0	1					no
O43711	TLX3	162	R161W-3.82¬Å, T162M-0.00¬Å, P164H-6.27¬Å	3		0	0,1,2					yes
O60216	RAD21	55	R54Q-3.86¬Å	1		0	1					no
O60216	RAD21	56	R54Q-5.54¬Å	1		0	2					no
O60216	RAD21	67	R65Q-5.43¬Å	1		0	2					no
O60216	RAD21	371	S374F-5.10¬Å	1		0	3					no
O60216	RAD21	374	S374F-0.00¬Å	1		0	0					yes
O60674	JAK2	212	R215Q-5.04¬Å	1		0	3					no
O60674	JAK2	570	D569Y-3.88¬Å	1		0	1					no
O60674	JAK2	882	L884P-7.17¬Å	1		0	2					no
O60674	JAK2	883	L884P-3.83¬Å	1		0	1					no
O60716	CTNND1	38	R34Q-6.18¬Å	1		0	4					no
O60716	CTNND1	517	R519H-6.22¬Å	1		0	2					no
O60716	CTNND1	542	R545H-5.05¬Å	1		0	3					no
O60716	CTNND1	670	S675N-8.08¬Å	1		0	5					no
O60716	CTNND1	675	S675N-0.00¬Å	1		0	0					yes
O60716	CTNND1	676	S675N-3.85¬Å	1		0	1					no
O60716	CTNND1	744	R742H-5.39¬Å	1		0	2					no
O60716	CTNND1	920	G921E-3.88¬Å	1		0	1					no
O60716	CTNND1	943	L944V-3.77¬Å	1		0	1					no
O60885	BRD4	469	S470F-3.82¬Å	1		0	1					no
O60885	BRD4	470	S470F-0.00¬Å	1		0	0					yes
O60885	BRD4	499	S499L-0.00¬Å	1		0	0					yes
O60885	BRD4	619	R616Q-5.16¬Å	1		0	3					no
O60885	BRD4	629	V633M-6.85¬Å	1		0	4					no
O60885	BRD4	1045	R1047W-6.60¬Å	1		0	2					no
O60934	NBN	73	S72Y-3.84¬Å	1		0	1					no
O60934	NBN	195	P198Q-8.97¬Å	1		0	3					no
O60934	NBN	197	P198Q-3.88¬Å	1		0	1					no
O60934	NBN	447	S447Y-0.00¬Å	1		0	0					yes
O60934	NBN	665	S667C-5.99¬Å	1		0	2					no
O60934	NBN	673	I675M-6.62¬Å	1		0	2					no
O60934	NBN	683	F685V-6.22¬Å	1		0	2					no
O60934	NBN	690	F688V-6.09¬Å	1		0	2					no
O60934	NBN	715	H712Y-8.34¬Å, R714Q-3.79¬Å	2		0	1,3					no
O75030	MITF	485	D483G-5.79¬Å, D488N-9.40¬Å	2		0	2,3					no
O75175	CNOT3	82	R81H-3.86¬Å	1		0	1					no
O75376	NCOR1	88	R86I-7.48¬Å	1		0	2					no
O75376	NCOR1	161	S161L-0.00¬Å	1		0	0					yes
O75376	NCOR1	1484	R1482W-7.30¬Å	1		0	2					no
O75376	NCOR1	1518	S1519L-3.85¬Å	1		0	1					no
O75376	NCOR1	1561	R1561Q-0.00¬Å	1		0	0					yes
O75376	NCOR1	1756	R1755C-3.38¬Å	1		0	1					no
O75417	POLQ	1866	G1868D-5.97¬Å	1		0	2					no
O75444	MAF	70	F73L-9.07¬Å	1		0	3					no
O75475	PSIP1	347	R351Q-6.22¬Å	1		0	4					no
O75626	PRDM1	371	T373M-7.37¬Å	1		0	2					no
O75626	PRDM1	518	A516T-6.73¬Å	1		0	2					no
O94761	RECQL4	1048	E1046K-5.32¬Å, K1048N-0.00¬Å, D1049G-3.85¬Å	3		0	0,1,2					yes
O95251	KAT7	100	R98H-6.70¬Å	1		0	2					no
O95251	KAT7	277	E281D-6.26¬Å	1		0	4					no
O95251	KAT7	512	R509C-8.53¬Å, S512L-0.00¬Å, D513E-3.87¬Å	3		0	0,1,3					yes
O95251	KAT7	537	G536A-3.86¬Å, E538D-3.85¬Å	2		0	1					no
O95573	ACSL3	642	R637Q-7.20¬Å	1		0	5					no
O95835	LATS1	84	R82Q-5.58¬Å	1		0	2					no
O95835	LATS1	462	S464Y-6.48¬Å	1		0	2					no
O95835	LATS1	464	S464Y-0.00¬Å	1		0	0					yes
O95835	LATS1	662	R660H-5.55¬Å	1		0	2					no
O95999	BCL10	77	L72F-7.78¬Å, E74D-8.92¬Å, L79M-5.67¬Å, D80G-5.41¬Å	4		0	2,3,5					no
O95999	BCL10	138	D139N-3.76¬Å	1		0	1					no
O95999	BCL10	141	D139N-6.78¬Å, F143L-7.33¬Å	2		0	2					no
O95999	BCL10	144	F143L-3.88¬Å	1		0	1					no
O95999	BCL10	231	R228C-9.48¬Å	1		0	3					no
O96017	CHEK2	224	R223H-3.85¬Å	1		0	1					no
O96017	CHEK2	225	R223H-6.78¬Å	1		0	2					no
O96017	CHEK2	435	L439V-6.31¬Å	1		0	4					no
O96017	CHEK2	437	L439V-5.52¬Å	1		0	2					no
O96017	CHEK2	444	L439V-5.51¬Å, Y447C-8.68¬Å	2		0	3,5					no
O96028	NSD2	1332	S1332L-0.00¬Å	1		0	0					yes
P00519	ABL1	79	A75T-6.19¬Å	1		0	4					no
P00519	ABL1	224	A225V-3.84¬Å	1		0	1					no
P00519	ABL1	226	A225V-3.82¬Å	1		0	1					no
P00519	ABL1	989	P990S-3.19¬Å	1		0	1					no
P00533	EGFR	112	R108K-9.89¬Å, E114K-6.26¬Å, S116F-5.48¬Å	3		0	2,4					no
P00533	EGFR	113	E114K-3.88¬Å, S116F-6.12¬Å	2		0	1,3					no
P00533	EGFR	222	R222C-0.00¬Å	1		0	0					yes
P00533	EGFR	224	R222C-7.33¬Å, S229C-8.79¬Å	2		0	2,5					no
P00533	EGFR	229	S229C-0.00¬Å	1		0	0					yes
P00533	EGFR	293	V292M-3.87¬Å	1		0	1					no
P00533	EGFR	316	G312W-7.57¬Å, D314N-7.26¬Å	2		0	2,4					no
P00533	EGFR	361	T363I-6.37¬Å	1		0	2					no
P00533	EGFR	444	V441I-9.52¬Å	1		0	3					no
P00533	EGFR	648	S645C-9.72¬Å	1		0	3					no
P00533	EGFR	720	G719A-3.84¬Å	1		0	1					no
P00533	EGFR	764	S768I-6.31¬Å	1		0	4					no
P00533	EGFR	768	S768I-0.00¬Å	1		0	0					yes
P00533	EGFR	860	L858R-6.59¬Å, L861Q-3.80¬Å	2		0	1,2					no
P00533	EGFR	978	R977H-3.85¬Å	1		0	1					no
P00533	EGFR	1096	S1096F-0.00¬Å, V1097I-3.78¬Å	2		0	0,1					yes
P00533	EGFR	1099	V1097I-7.35¬Å	1		0	2					no
P00533	EGFR	1179	P1178L-3.29¬Å	1		0	1					no
P01106	MYC	58	A59V-3.81¬Å	1		0	1					no
P01106	MYC	73	T73I-0.00¬Å, P74L-3.85¬Å	2		0	0,1					yes
P01106	MYC	77	P74L-8.64¬Å	1		0	3					no
P01106	MYC	79	S82F-8.40¬Å	1		0	3					no
P01106	MYC	163	S161L-5.55¬Å, L164V-3.86¬Å	2		0	1,2					no
P01111	NRAS	64	A59D-6.27¬Å, G60E-7.54¬Å, Q61R-5.96¬Å, Y64D-0.00¬Å	4		0	0,3,4,5					yes
P01111	NRAS	88	N86K-5.51¬Å, S87N-3.86¬Å, D92N-6.18¬Å	3		0	1,2,4					no
P01111	NRAS	128	E132K-6.05¬Å	1		0	4					no
P01112	HRAS	64	A59T-6.31¬Å, G60V-7.54¬Å, Q61R-5.96¬Å, R68W-6.56¬Å	4		0	3,4,5					no
P01127	PDGFB	190	R187Q-8.72¬Å, R191Q-3.83¬Å	2		0	1,3					no
P02545	LMNA	64	V69M-8.53¬Å	1		0	5					no
P02545	LMNA	66	V69M-5.05¬Å	1		0	3					no
P02545	LMNA	71	V69M-5.45¬Å	1		0	2					no
P02545	LMNA	143	A146V-5.19¬Å	1		0	3					no
P02545	LMNA	144	A146V-5.46¬Å	1		0	2					no
P02545	LMNA	149	A146V-5.09¬Å	1		0	3					no
P02545	LMNA	150	A146V-6.23¬Å	1		0	4					no
P02545	LMNA	189	R190Q-3.85¬Å	1		0	1					no
P02545	LMNA	295	R296H-3.87¬Å	1		0	1					no
P02545	LMNA	301	R296H-8.61¬Å	1		0	5					no
P02545	LMNA	583	N580K-9.28¬Å, S583L-0.00¬Å, R584H-3.83¬Å	3		0	0,1,3					yes
P02545	LMNA	585	S583L-6.13¬Å, R584H-3.82¬Å	2		0	1,2					no
P02786	TFRC	123	R121H-6.53¬Å	1		0	2					no
P02786	TFRC	177	R174C-5.13¬Å	1		0	3					no
P02786	TFRC	508	T504M-6.11¬Å	1		0	4					no
P02786	TFRC	691	V690I-3.81¬Å, S695F-5.92¬Å	2		0	1,4					no
P02786	TFRC	722	R719C-5.91¬Å, N722S-0.00¬Å	2		0	0,3					yes
P03372	ESR1	244	R243H-3.85¬Å, E247K-4.89¬Å	2		0	1,3					no
P03372	ESR1	277	G278C-3.87¬Å	1		0	1					no
P03372	ESR1	299	R300H-3.83¬Å	1		0	1					no
P03372	ESR1	302	R300H-6.20¬Å	1		0	2					no
P03372	ESR1	303	R300H-8.08¬Å	1		0	3					no
P03372	ESR1	537	L536P-3.82¬Å, Y537N-0.00¬Å, D538G-3.85¬Å	3		0	0,1					yes
P03372	ESR1	554	A551E-8.70¬Å, R555H-3.82¬Å	2		0	1,3					no
P04049	RAF1	257	S257L-0.00¬Å	1		0	0					yes
P04049	RAF1	258	S257L-3.83¬Å	1		0	1					no
P04049	RAF1	259	S257L-6.37¬Å	1		0	2					no
P04049	RAF1	260	S257L-9.91¬Å	1		0	3					no
P04049	RAF1	493	I494L-3.84¬Å, L496F-5.32¬Å, E498K-9.64¬Å	3		0	1,3,5					no
P04049	RAF1	494	I494L-0.00¬Å, L496F-5.70¬Å, E498K-7.66¬Å	3		0	0,2,4					yes
P04049	RAF1	497	I494L-5.68¬Å, L496F-3.88¬Å, E498K-3.87¬Å	3		0	1,3					no
P04049	RAF1	499	I494L-8.34¬Å, L496F-8.23¬Å, E498K-3.85¬Å	3		0	1,3,5					no
P04198	MYCN	58	T58M-0.00¬Å	1		0	0					yes
P04439	HLA-A	135	R135C-0.00¬Å	1		0	0					yes
P04439	HLA-A	155	L150P-7.30¬Å	1		0	5					no
P04439	HLA-A	200	E201K-3.85¬Å, R205C-7.39¬Å	2		0	1,5					no
P04626	ERBB2	728	T733I-4.21¬Å	1		0	5					no
P04626	ERBB2	733	T733I-0.00¬Å	1		0	0					yes
P04626	ERBB2	735	T733I-6.53¬Å	1		0	2					no
P04626	ERBB2	753	L755S-6.11¬Å	1		0	2					no
P04626	ERBB2	772	I767M-8.74¬Å, D769Y-5.21¬Å, G776V-6.57¬Å, V777L-9.06¬Å	4		0	3,4,5					no
P04626	ERBB2	860	T862A-6.52¬Å	1		0	2					no
P04626	ERBB2	974	S974F-0.00¬Å	1		0	0					yes
P04626	ERBB2	977	S974F-5.14¬Å	1		0	3					no
P04629	NTRK1	95	R94I-3.83¬Å	1		0	1					no
P04629	NTRK1	121	L122I-3.84¬Å	1		0	1					no
P04629	NTRK1	123	L122I-3.86¬Å	1		0	1					no
P04629	NTRK1	701	R702C-3.88¬Å	1		0	1					no
P04637	TP53	24	P27S-8.01¬Å	1		0	3					no
P04637	TP53	150	P151S-3.87¬Å, P152L-6.66¬Å, T155N-9.64¬Å	3		0	1,2,5					no
P04637	TP53	183	H179R-8.33¬Å, E180K-8.04¬Å, R181H-6.42¬Å, G187S-9.19¬Å	4		0	2,3,4					no
P04637	TP53	185	E180K-9.35¬Å, R181H-9.76¬Å, G187S-5.10¬Å, P190L-7.28¬Å	4		0	2,4,5					no
P04637	TP53	209	D208G-3.86¬Å, T211I-5.97¬Å, R213Q-8.10¬Å, H214R-9.80¬Å	4		0	1,2,4,5					no
P04637	TP53	211	D208G-5.55¬Å, T211I-0.00¬Å, R213Q-5.26¬Å, H214R-8.77¬Å	4		0	0,2,3					yes
P04637	TP53	290	E285K-8.61¬Å, E286K-6.18¬Å	2		0	4,5					no
P04637	TP53	333	Q331H-6.75¬Å, G334V-3.85¬Å, R337C-7.01¬Å	3		0	1,2,4					no
P04637	TP53	335	G334V-3.86¬Å, R337C-5.44¬Å	2		0	1,2					no
P04637	TP53	337	G334V-5.46¬Å, R337C-0.00¬Å, R342P-8.55¬Å	3		0	0,3,5					yes
P04843	RPN1	488	R489I-3.88¬Å, L492V-6.35¬Å	2		0	1,4					no
P05091	ALDH2	497	G498E-3.85¬Å, A501V-7.98¬Å	2		0	1,4					no
P05091	ALDH2	502	G498E-7.60¬Å, A501V-3.86¬Å	2		0	1,4					no
P05091	ALDH2	503	G498E-9.65¬Å, A501V-5.61¬Å	2		0	2,5					no
P05412	JUN	268	R263H-8.66¬Å, I264M-6.13¬Å, A265V-5.02¬Å	3		0	3,4,5					no
P05771	PRKCB	23	A21T-5.75¬Å	1		0	2					no
P05771	PRKCB	40	A41T-3.81¬Å, R42H-6.26¬Å	2		0	1,2					no
P05771	PRKCB	206	D203N-5.12¬Å	1		0	3					no
P05771	PRKCB	362	R361Q-3.83¬Å	1		0	1					no
P05771	PRKCB	497	D494N-8.26¬Å	1		0	3					no
P05771	PRKCB	595	E591K-6.21¬Å, R592C-4.92¬Å	2		0	3,4					no
P05771	PRKCB	642	D644N-6.71¬Å	1		0	2					no
P05771	PRKCB	644	D644N-0.00¬Å	1		0	0					yes
P06239	LCK	42	R39Q-9.59¬Å	1		0	3					no
P06239	LCK	182	R184C-6.11¬Å	1		0	2					no
P06239	LCK	293	M292I-3.88¬Å	1		0	1					no
P06400	RB1	249	R251Q-5.33¬Å	1		0	2					no
P06400	RB1	252	R251Q-3.84¬Å	1		0	1					no
P06400	RB1	289	E287K-5.52¬Å	1		0	2					no
P06400	RB1	319	E322K-4.89¬Å	1		0	3					no
P06400	RB1	327	E322K-8.44¬Å	1		0	5					no
P06400	RB1	347	S350I-5.76¬Å	1		0	3					no
P06400	RB1	350	S350I-0.00¬Å	1		0	0					yes
P06400	RB1	353	S350I-6.31¬Å	1		0	3					no
P06400	RB1	446	R451H-8.80¬Å	1		0	5					no
P06400	RB1	454	R451H-5.59¬Å	1		0	3					no
P06400	RB1	601	D604G-5.24¬Å	1		0	3					no
P06400	RB1	606	D604G-6.03¬Å	1		0	2					no
P06400	RB1	608	D604G-6.15¬Å	1		0	4					no
P06400	RB1	652	V654M-5.67¬Å	1		0	2					no
P06400	RB1	873	L875I-6.29¬Å, R876C-8.86¬Å	2		0	2,3					no
P06400	RB1	874	L875I-3.82¬Å, R876C-6.12¬Å, F877V-9.32¬Å	3		0	1,2,3					no
P06753	TPM3	8	K6N-5.55¬Å	1		0	2					no
P06753	TPM3	234	L229I-8.64¬Å, K232N-5.43¬Å, R239H-8.50¬Å	3		0	2,5					no
P06753	TPM3	283	A278T-8.83¬Å	1		0	5					no
P06756	ITGAV	591	R592W-3.84¬Å	1		0	1					no
P06756	ITGAV	704	R707H-8.30¬Å	1		0	3					no
P07949	RET	696	R693C-8.66¬Å	1		0	3					no
P07949	RET	826	G823E-6.81¬Å	1		0	3					no
P07949	RET	891	S891L-0.00¬Å	1		0	0					yes
P07949	RET	909	R912W-9.04¬Å	1		0	3					no
P07949	RET	981	R982H-3.85¬Å	1		0	1					no
P07954	FH	46	S49F-6.30¬Å	1		0	3					no
P07954	FH	75	T76M-3.88¬Å	1		0	1					no
P07954	FH	80	T76M-6.43¬Å	1		0	4					no
P07954	FH	85	R87H-5.55¬Å	1		0	2					no
P07954	FH	90	R87H-8.42¬Å	1		0	3					no
P07954	FH	100	A104T-5.99¬Å	1		0	4					no
P07954	FH	343	R343Q-0.00¬Å	1		0	0					yes
P07954	FH	366	P369S-6.12¬Å	1		0	3					no
P08151	GLI1	116	R113Q-8.38¬Å	1		0	3					no
P08151	GLI1	319	R314H-8.95¬Å	1		0	5					no
P08151	GLI1	374	R372H-7.18¬Å	1		0	2					no
P08575	PTPRC	863	G865R-5.39¬Å	1		0	2					no
P08581	MET	376	V378I-5.79¬Å	1		0	2					no
P08581	MET	468	R469Q-3.87¬Å	1		0	1					no
P08581	MET	985	L982M-9.84¬Å	1		0	3					no
P08581	MET	1110	V1110I-0.00¬Å, H1112Y-7.12¬Å	2		0	0,2					yes
P08581	MET	1215	F1218I-8.88¬Å	1		0	3					no
P08581	MET	1219	F1218I-3.84¬Å	1		0	1					no
P08922	ROS1	866	R863W-6.48¬Å	1		0	3					no
P09619	PDGFRB	645	S650L-8.75¬Å	1		0	5					no
P09619	PDGFRB	686	G687R-3.86¬Å	1		0	1					no
P09619	PDGFRB	692	G687R-7.02¬Å	1		0	5					no
P09619	PDGFRB	707	P711H-9.30¬Å	1		0	4					no
P09619	PDGFRB	712	P711H-3.89¬Å	1		0	1					no
P09619	PDGFRB	775	D776N-3.77¬Å, Y778C-8.01¬Å	2		0	1,3					no
P09619	PDGFRB	778	D776N-6.45¬Å, Y778C-0.00¬Å	2		0	0,2					yes
P09619	PDGFRB	1009	V1007I-6.01¬Å, T1010A-3.81¬Å, V1012M-8.55¬Å	3		0	1,2,3					no
P0C1Z6	TFPT	249	S252C-9.20¬Å	1		0	3					no
P0C1Z6	TFPT	252	S252C-0.00¬Å, D253N-3.81¬Å	2		0	0,1					yes
P10242	MYB	11	E14K-9.85¬Å	1		0	3					no
P10242	MYB	12	E14K-6.30¬Å	1		0	2					no
P10242	MYB	192	E194K-5.58¬Å	1		0	2					no
P10275	AR	298	A299T-3.86¬Å	1		0	1					no
P10275	AR	606	D605N-3.90¬Å, R608Q-6.21¬Å	2		0	1,2					no
P10275	AR	619	R616C-5.09¬Å, R618W-3.86¬Å	2		0	1,3					no
P10275	AR	630	R630Q-0.00¬Å	1		0	0					yes
P10275	AR	631	R630Q-3.88¬Å	1		0	1					no
P10275	AR	633	R630Q-8.59¬Å	1		0	3					no
P10275	AR	792	R787Q-8.61¬Å	1		0	5					no
P10275	AR	815	F814V-3.88¬Å	1		0	1					no
P10275	AR	826	G821V-9.87¬Å	1		0	5					no
P10275	AR	837	M833I-6.29¬Å	1		0	4					no
P10275	AR	858	F857L-3.86¬Å	1		0	1					no
P10398	ARAF	15	E13K-6.34¬Å	1		0	2					no
P10398	ARAF	42	D43N-3.87¬Å	1		0	1					no
P10398	ARAF	212	R214H-6.46¬Å	1		0	2					no
P10398	ARAF	213	R214H-3.83¬Å	1		0	1					no
P10398	ARAF	214	R214H-0.00¬Å, S217F-9.75¬Å	2		0	0,3					yes
P10398	ARAF	215	R214H-3.85¬Å, S217F-6.90¬Å	2		0	1,2					no
P10398	ARAF	222	P219L-9.36¬Å, V221I-3.82¬Å	2		0	1,3					no
P10398	ARAF	223	V221I-6.12¬Å	1		0	2					no
P10398	ARAF	224	V221I-8.64¬Å	1		0	3					no
P10721	KIT	283	D284Y-3.87¬Å	1		0	1					no
P10721	KIT	735	D737N-7.02¬Å	1		0	2					no
P10721	KIT	738	D737N-3.49¬Å	1		0	1					no
P10721	KIT	821	K818N-8.48¬Å, N822K-3.86¬Å	2		0	1,3					no
P10721	KIT	891	R888Q-9.58¬Å	1		0	3					no
P10721	KIT	943	R946Q-7.16¬Å	1		0	3					no
P10721	KIT	959	R956Q-9.48¬Å, I957T-7.04¬Å	2		0	2,3					no
P10747	CD28	209	P210S-3.85¬Å, R211C-6.43¬Å, R212H-9.42¬Å	3		0	1,2,3					no
P11274	BCR	644	D648N-6.23¬Å	1		0	4					no
P11274	BCR	645	D648N-4.82¬Å	1		0	3					no
P11309	PIM1	23	K24N-3.82¬Å	1		0	1					no
P11309	PIM1	24	K24N-0.00¬Å	1		0	0					yes
P11362	FGFR1	766	R765W-3.88¬Å, D766H-0.00¬Å	2		0	0,1					yes
P11387	TOP1	111	F110L-3.83¬Å	1		0	1					no
P11387	TOP1	112	F110L-6.37¬Å	1		0	2					no
P11387	TOP1	280	F278L-5.58¬Å	1		0	2					no
P11387	TOP1	374	R376Q-6.84¬Å	1		0	2					no
P11387	TOP1	506	R508C-6.36¬Å	1		0	2					no
P11940	PABPC1	279	R278H-3.87¬Å	1		0	1					no
P11940	PABPC1	309	R309H-0.00¬Å	1		0	0					yes
P11940	PABPC1	312	R309H-4.86¬Å	1		0	3					no
P11940	PABPC1	518	R518C-0.00¬Å, N519S-3.88¬Å	2		0	0,1					yes
P12270	TPR	371	S371C-0.00¬Å	1		0	0					yes
P12270	TPR	723	R724C-3.85¬Å	1		0	1					no
P12270	TPR	725	R724C-3.86¬Å	1		0	1					no
P12270	TPR	748	H743Y-8.38¬Å	1		0	5					no
P12270	TPR	1603	R1598C-8.26¬Å	1		0	5					no
P12270	TPR	2146	R2145C-3.93¬Å	1		0	1					no
P12270	TPR	2155	S2155L-0.00¬Å	1		0	0					yes
P12524	MYCL	338	A333V-8.63¬Å	1		0	5					no
P12830	CDH1	217	L220V-9.17¬Å	1		0	3					no
P12830	CDH1	622	R619Q-5.69¬Å	1		0	3					no
P12830	CDH1	738	A740V-6.72¬Å	1		0	2					no
P12830	CDH1	753	R753Q-0.00¬Å	1		0	0					yes
P12830	CDH1	754	R753Q-3.83¬Å	1		0	1					no
P12830	CDH1	755	R753Q-6.95¬Å	1		0	2					no
P12830	CDH1	797	L797M-0.00¬Å	1		0	0					yes
P12931	SRC	17	R16H-3.87¬Å	1		0	1					no
P12931	SRC	35	S35L-0.00¬Å	1		0	0					yes
P12931	SRC	37	S35L-7.25¬Å	1		0	2					no
P13796	LCP1	2	A2V-0.00¬Å	1		0	0					yes
P13796	LCP1	5	A2V-8.60¬Å	1		0	3					no
P13796	LCP1	117	E120D-9.75¬Å	1		0	3					no
P13796	LCP1	118	E120D-6.63¬Å	1		0	2					no
P13796	LCP1	123	E120D-5.01¬Å	1		0	3					no
P13796	LCP1	124	E120D-6.12¬Å	1		0	4					no
P14373	TRIM27	194	R199H-8.64¬Å	1		0	5					no
P15056	BRAF	147	R146W-3.82¬Å	1		0	1					no
P15056	BRAF	319	A320T-3.32¬Å	1		0	1					no
P15056	BRAF	614	R615K-3.82¬Å	1		0	1					no
P15056	BRAF	750	P748S-7.49¬Å, A752T-7.13¬Å	2		0	2					no
P15056	BRAF	753	A752T-3.24¬Å	1		0	1					no
P15498	VAV1	174	E172K-5.50¬Å	1		0	2					no
P15498	VAV1	345	T347M-5.69¬Å	1		0	2					no
P15498	VAV1	374	E372K-5.38¬Å, E378K-6.50¬Å	2		0	2,4					no
P15498	VAV1	404	D406N-7.15¬Å	1		0	2					no
P15498	VAV1	683	R678Q-8.79¬Å	1		0	5					no
P15498	VAV1	745	Q747H-5.22¬Å	1		0	2					no
P15498	VAV1	815	G816R-3.85¬Å	1		0	1					no
P15923	TCF3	134	A136T-6.80¬Å	1		0	2					no
P15923	TCF3	614	A610V-9.46¬Å, Q611H-8.90¬Å, T612A-5.32¬Å, I616L-5.44¬Å	4		0	2,3,4					no
P15976	GATA1	116	E114K-6.87¬Å, S116C-0.00¬Å	2		0	0,2					yes
P15976	GATA1	231	A227T-6.14¬Å	1		0	4					no
P15976	GATA1	304	R305Q-3.85¬Å, R307H-9.38¬Å	2		0	1,3					no
P15976	GATA1	308	R305Q-8.96¬Å, R307H-3.81¬Å	2		0	1,3					no
P15976	GATA1	310	R307H-8.11¬Å, G313W-8.00¬Å	2		0	3					no
P15976	GATA1	312	G313W-3.83¬Å	1		0	1					no
P16157	ANK1	429	T426M-9.37¬Å	1		0	3					no
P16157	ANK1	781	D781E-0.00¬Å	1		0	0					yes
P16157	ANK1	834	R836Q-6.96¬Å	1		0	2					no
P16157	ANK1	961	R963W-6.61¬Å	1		0	2					no
P16157	ANK1	1396	L1397I-3.84¬Å	1		0	1					no
P16157	ANK1	1696	S1694Y-6.40¬Å	1		0	2					no
P16220	CREB1	285	R289C-6.11¬Å	1		0	4					no
P16234	PDGFRA	613	A612T-3.84¬Å	1		0	1					no
P16234	PDGFRA	767	K770N-9.79¬Å	1		0	3					no
P16234	PDGFRA	768	K770N-6.98¬Å	1		0	2					no
P16234	PDGFRA	1018	G1017D-3.82¬Å	1		0	1					no
P17612	PRKACA	84	L83P-3.88¬Å	1		0	1					no
P17612	PRKACA	89	R94C-8.57¬Å	1		0	5					no
P17612	PRKACA	93	R94C-3.85¬Å	1		0	1					no
P17844	DDX5	451	V453A-5.85¬Å	1		0	2					no
P17844	DDX5	454	V453A-3.86¬Å	1		0	1					no
P17844	DDX5	458	V453A-8.69¬Å	1		0	5					no
P17844	DDX5	498	R496S-6.58¬Å, Y497C-3.27¬Å, A499V-3.86¬Å	3		0	1,2					no
P18074	ERCC2	69	Y72C-9.66¬Å	1		0	3					no
P18074	ERCC2	181	R185W-6.14¬Å	1		0	4					no
P18074	ERCC2	603	E606Q-5.31¬Å	1		0	3					no
P19174	PLCG1	977	R978W-3.87¬Å	1		0	1					no
P19174	PLCG1	1263	E1259K-8.63¬Å, R1262H-3.90¬Å, E1266K-6.43¬Å	3		0	1,3,4					no
P19447	ERCC3	44	S40L-7.21¬Å	1		0	4					no
P19447	ERCC3	323	Q320E-5.07¬Å, R325Q-5.54¬Å	2		0	2,3					no
P19484	TFEB	91	E91D-0.00¬Å	1		0	0					yes
P19484	TFEB	183	D183N-0.00¬Å	1		0	0					yes
P19532	TFE3	188	R188C-0.00¬Å	1		0	0					yes
P21333	FLNA	186	R190W-8.97¬Å	1		0	4					no
P21333	FLNA	189	R190W-3.85¬Å	1		0	1					no
P21333	FLNA	220	V222I-5.82¬Å	1		0	2					no
P21333	FLNA	468	R467H-3.85¬Å	1		0	1					no
P21333	FLNA	470	R467H-6.38¬Å	1		0	3					no
P21333	FLNA	471	R467H-9.79¬Å	1		0	4					no
P21333	FLNA	775	G776S-3.87¬Å	1		0	1					no
P21333	FLNA	876	E878K-7.07¬Å	1		0	2					no
P21333	FLNA	883	E878K-9.00¬Å, G881S-5.56¬Å	2		0	2,5					no
P21333	FLNA	1639	V1637M-6.14¬Å	1		0	2					no
P21333	FLNA	1961	M1958I-5.57¬Å, R1959C-5.81¬Å	2		0	2,3					no
P21333	FLNA	2128	G2127D-3.86¬Å	1		0	1					no
P21333	FLNA	2141	R2139Q-6.16¬Å	1		0	2					no
P21333	FLNA	2260	E2258K-7.22¬Å	1		0	2					no
P21333	FLNA	2631	E2635K-5.33¬Å	1		0	4					no
P21333	FLNA	2640	E2635K-9.46¬Å	1		0	5					no
P21359	NF1	155	R156H-3.85¬Å	1		0	1					no
P21359	NF1	158	R156H-5.56¬Å	1		0	2					no
P21359	NF1	159	R156H-5.25¬Å	1		0	3					no
P21359	NF1	491	Y489C-5.47¬Å	1		0	2					no
P21580	TNFAIP3	139	R136H-5.12¬Å	1		0	3					no
P21802	FGFR2	448	R451H-9.27¬Å	1		0	3					no
P21802	FGFR2	449	R451H-6.27¬Å	1		0	2					no
P21802	FGFR2	452	R451H-3.84¬Å, T455M-9.87¬Å	2		0	1,3					no
P21802	FGFR2	453	R451H-6.28¬Å, T455M-6.87¬Å	2		0	2					no
P21802	FGFR2	454	R451H-9.65¬Å, T455M-3.83¬Å	2		0	1,3					no
P21802	FGFR2	457	T455M-6.49¬Å	1		0	2					no
P21802	FGFR2	657	K660E-9.68¬Å	1		0	3					no
P21802	FGFR2	780	E778K-5.99¬Å	1		0	2					no
P21912	SDHB	233	R230C-5.45¬Å	1		0	3					no
P22455	FGFR4	754	A749V-9.95¬Å, V750I-8.23¬Å, E752K-6.62¬Å, D756N-6.76¬Å	4		0	2,4,5					no
P22607	FGFR3	444	A443T-3.83¬Å	1		0	1					no
P22607	FGFR3	445	A443T-6.78¬Å	1		0	2					no
P22607	FGFR3	647	R642W-6.67¬Å	1		0	5					no
P22607	FGFR3	724	D724N-0.00¬Å, M727I-4.91¬Å	2		0	0,3					yes
P22681	CBL	141	R139I-5.28¬Å, E143D-5.93¬Å	2		0	2					no
P22681	CBL	203	R206Q-5.25¬Å	1		0	3					no
P22681	CBL	364	E366K-5.42¬Å	1		0	2					no
P22681	CBL	368	E366K-5.56¬Å	1		0	2					no
P22681	CBL	371	E366K-8.63¬Å	1		0	5					no
P23193	TCEA1	57	R54H-5.64¬Å	1		0	3					no
P23193	TCEA1	114	V113A-3.27¬Å	1		0	1					no
P23193	TCEA1	126	R123Q-8.32¬Å	1		0	3					no
P23246	SFPQ	236	R236G-0.00¬Å	1		0	0					yes
P23246	SFPQ	571	R571Q-0.00¬Å	1		0	0					yes
P23458	JAK1	267	Y270H-5.09¬Å	1		0	3					no
P23458	JAK1	269	Y270H-3.83¬Å	1		0	1					no
P23458	JAK1	708	S703I-8.74¬Å	1		0	5					no
P23458	JAK1	872	R873C-3.86¬Å	1		0	1					no
P23458	JAK1	908	L910P-7.14¬Å	1		0	2					no
P23458	JAK1	911	L910P-3.82¬Å	1		0	1					no
P23467	PTPRB	531	G533E-6.40¬Å	1		0	2					no
P23467	PTPRB	534	G533E-3.85¬Å	1		0	1					no
P23467	PTPRB	1328	A1325T-9.39¬Å	1		0	3					no
P23468	PTPRD	277	D275Y-5.50¬Å	1		0	2					no
P23468	PTPRD	1386	A1387V-3.84¬Å	1		0	1					no
P23468	PTPRD	1670	R1674C-8.89¬Å	1		0	4					no
P23468	PTPRD	1788	E1786K-7.00¬Å	1		0	2					no
P23769	GATA2	213	V211I-6.02¬Å	1		0	2					no
P23771	GATA3	162	P163L-3.86¬Å	1		0	1					no
P23771	GATA3	166	P163L-8.97¬Å	1		0	3					no
P23771	GATA3	282	A287T-9.62¬Å	1		0	5					no
P23771	GATA3	292	A287T-8.61¬Å, M294K-6.04¬Å	2		0	2,5					no
P23771	GATA3	304	R306Q-5.81¬Å	1		0	2					no
P23771	GATA3	308	R306Q-5.30¬Å	1		0	2					no
P24385	CCND1	33	M31L-5.34¬Å	1		0	2					no
P24385	CCND1	175	A171V-6.43¬Å	1		0	4					no
P24385	CCND1	286	T286I-0.00¬Å, P287T-3.87¬Å	2		0	0,1					yes
P24385	CCND1	288	T286I-5.75¬Å, P287T-3.83¬Å, V290M-6.65¬Å	3		0	1,2					no
P24821	TNC	81	D76Y-8.70¬Å, P79L-5.73¬Å	2		0	2,5					no
P24821	TNC	1018	R1016H-6.01¬Å	1		0	2					no
P24821	TNC	1261	G1260E-3.82¬Å	1		0	1					no
P24821	TNC	1310	R1309C-3.87¬Å	1		0	1					no
P24863	CCNC	30	R25H-9.11¬Å	1		0	5					no
P24864	CCNE1	381	K376N-8.54¬Å, M379V-5.45¬Å, R385T-6.35¬Å, A386S-8.78¬Å	4		0	2,4,5					no
P25106	ACKR3	347	D345N-5.47¬Å, T352M-8.81¬Å	2		0	2,5					no
P25106	ACKR3	350	D345N-8.72¬Å, T352M-5.52¬Å	2		0	2,5					no
P25106	ACKR3	352	T352M-0.00¬Å	1		0	0					yes
P25106	ACKR3	354	T352M-5.46¬Å	1		0	2					no
P25106	ACKR3	355	T352M-5.18¬Å	1		0	3					no
P25445	FAS	263	E261K-5.45¬Å	1		0	2					no
P25685	DNAJB1	16	E18K-5.32¬Å	1		0	2					no
P25685	DNAJB1	21	E18K-5.09¬Å	1		0	3					no
P26038	MSN	380	R381H-3.87¬Å	1		0	1					no
P26038	MSN	384	R381H-5.14¬Å	1		0	3					no
P26038	MSN	391	R393C-5.32¬Å	1		0	2					no
P26038	MSN	407	R408W-3.88¬Å	1		0	1					no
P26038	MSN	412	R408W-9.69¬Å	1		0	4					no
P26038	MSN	504	R503H-3.85¬Å, R508H-7.02¬Å	2		0	1,4					no
P26038	MSN	558	R553Q-6.01¬Å, K557N-3.85¬Å, R560C-5.43¬Å, Q561H-5.04¬Å	4		0	1,2,3,5					no
P26038	MSN	576	E573K-4.84¬Å	1		0	3					no
P26196	DDX6	375	R373Q-5.46¬Å, R375C-0.00¬Å	2		0	0,2					yes
P26232	CTNNA2	2	S3L-3.82¬Å	1		0	1					no
P26232	CTNNA2	3	S3L-0.00¬Å	1		0	0					yes
P26232	CTNNA2	6	S3L-8.76¬Å	1		0	3					no
P26232	CTNNA2	151	M147I-6.10¬Å, S151F-0.00¬Å	2		0	0,4					yes
P26232	CTNNA2	321	T323M-5.54¬Å	1		0	2					no
P26232	CTNNA2	415	V420D-8.96¬Å	1		0	5					no
P26232	CTNNA2	417	V420D-4.86¬Å, R422C-8.40¬Å	2		0	3,5					no
P26232	CTNNA2	535	D532N-5.61¬Å	1		0	3					no
P26232	CTNNA2	651	R650C-3.87¬Å	1		0	1					no
P26232	CTNNA2	653	R650C-8.86¬Å	1		0	3					no
P26232	CTNNA2	654	R650C-8.37¬Å	1		0	4					no
P26232	CTNNA2	796	S793R-8.54¬Å	1		0	3					no
P26232	CTNNA2	939	S939L-0.00¬Å	1		0	0					yes
P27540	ARNT	58	K58T-0.00¬Å	1		0	0					yes
P27635	RPL10	57	E56K-3.83¬Å	1		0	1					no
P27635	RPL10	74	I70L-5.99¬Å	1		0	4					no
P27635	RPL10	75	I70L-8.71¬Å	1		0	5					no
P27635	RPL10	101	R98S-9.36¬Å	1		0	3					no
P27635	RPL10	156	R153C-5.28¬Å, A155T-3.88¬Å, F157L-3.86¬Å, P160S-8.30¬Å	4		0	1,3,4					no
P27797	CALR	238	E234K-9.48¬Å, P239L-3.83¬Å	2		0	1,4					no
P28340	POLD1	581	T582M-3.81¬Å	1		0	1					no
P28340	POLD1	648	R649W-3.83¬Å	1		0	1					no
P28340	POLD1	653	R649W-4.51¬Å	1		0	4					no
P28340	POLD1	885	A886V-3.82¬Å	1		0	1					no
P28340	POLD1	897	S895L-7.29¬Å	1		0	2					no
P29320	EPHA3	513	R512Q-3.84¬Å	1		0	1					no
P29320	EPHA3	521	K523R-6.41¬Å	1		0	2					no
P29320	EPHA3	601	E603K-6.55¬Å	1		0	2					no
P29320	EPHA3	602	E603K-3.84¬Å	1		0	1					no
P29320	EPHA3	701	V698I-8.97¬Å	1		0	3					no
P29350	PTPN6	97	Y98C-3.82¬Å	1		0	1					no
P29350	PTPN6	360	V362I-7.14¬Å	1		0	2					no
P29350	PTPN6	391	E389K-7.34¬Å	1		0	2					no
P29590	PML	560	S561N-3.21¬Å	1		0	1					no
P29590	PML	561	S561N-0.00¬Å	1		0	0					yes
P29590	PML	562	S561N-3.86¬Å	1		0	1					no
P29992	GNA11	183	R183C-0.00¬Å	1		0	0					yes
P30279	CCND2	280	D278N-5.47¬Å, R280C-0.00¬Å, G282E-6.09¬Å	3		0	0,2					yes
P30279	CCND2	282	D278N-7.62¬Å, R280C-6.09¬Å, G282E-0.00¬Å, S285L-8.92¬Å, E286D-8.15¬Å	5		0	0,2,3,4					yes
P30281	CCND3	263	Q260E-5.29¬Å, T261S-5.55¬Å, S263C-0.00¬Å, P265T-6.32¬Å, A266V-9.54¬Å	5		0	0,2,3					yes
P30281	CCND3	264	Q260E-7.12¬Å, T261S-6.13¬Å, S263C-3.87¬Å, P265T-3.87¬Å, A266V-6.56¬Å	5		0	1,2,3,4					no
P30622	CLIP1	180	E178K-7.44¬Å	1		0	2					no
P30622	CLIP1	200	S200L-0.00¬Å	1		0	0					yes
P30622	CLIP1	596	A594T-5.51¬Å	1		0	2					no
P31040	SDHA	250	R248T-7.21¬Å	1		0	2					no
P31040	SDHA	361	V364I-8.12¬Å	1		0	3					no
P31040	SDHA	365	V364I-3.83¬Å	1		0	1					no
P31040	SDHA	507	S509L-5.51¬Å, R512L-8.63¬Å	2		0	2,5					no
P31040	SDHA	589	R585W-9.48¬Å, R589Q-0.00¬Å, A591T-6.30¬Å, A593V-6.42¬Å	4		0	0,2,4					yes
P31151	S100A7	100	S100A-0.00¬Å	1		0	0					yes
P31751	AKT2	14	E17K-9.22¬Å	1		0	3					no
P31751	AKT2	20	E17K-6.31¬Å	1		0	3					no
P31751	AKT2	475	S474F-3.85¬Å	1		0	1					no
P31751	AKT2	476	S474F-7.11¬Å	1		0	2					no
P31751	AKT2	478	R480C-6.09¬Å	1		0	2					no
P31939	ATIC	66	L61F-8.86¬Å	1		0	5					no
P31939	ATIC	199	V201I-5.46¬Å	1		0	2					no
P31939	ATIC	264	A262T-7.07¬Å	1		0	2					no
P33076	CIITA	959	R956W-9.29¬Å	1		0	3					no
P33176	KIF5B	2	F5B-8.42¬Å	1		0	3					no
P35125	USP6	1147	S1148L-3.49¬Å	1		0	1					no
P35222	CTNNB1	29	D32N-7.70¬Å, S33C-9.32¬Å	2		0	3,4					no
P35222	CTNNB1	30	D32N-5.39¬Å, S33C-8.37¬Å	2		0	2,3					no
P35222	CTNNB1	33	D32N-3.79¬Å, S33C-0.00¬Å, G34E-3.87¬Å, I35S-5.67¬Å, H36P-8.08¬Å	5		0	0,1,2,3					yes
P35222	CTNNB1	37	G34E-8.91¬Å, I35S-5.59¬Å, H36P-3.85¬Å, S37F-0.00¬Å, T41A-9.41¬Å	5		0	0,1,2,3,4					yes
P35222	CTNNB1	41	S37F-9.41¬Å, T41A-0.00¬Å, S45P-9.90¬Å	3		0	0,4					yes
P35222	CTNNB1	45	T41A-9.90¬Å, S45P-0.00¬Å	2		0	0,4					yes
P35222	CTNNB1	47	S45P-5.47¬Å	1		0	2					no
P35222	CTNNB1	158	R153C-8.59¬Å	1		0	5					no
P35222	CTNNB1	332	E336K-7.98¬Å, K337I-7.04¬Å	2		0	4,5					no
P35222	CTNNB1	333	E336K-5.53¬Å, K337I-6.30¬Å	2		0	3,4					no
P35222	CTNNB1	384	W385G-3.85¬Å, N389K-8.68¬Å	2		0	1,5					no
P35222	CTNNB1	393	N389K-6.70¬Å	1		0	4					no
P35222	CTNNB1	394	N389K-9.81¬Å	1		0	5					no
P35222	CTNNB1	625	C621Y-8.76¬Å	1		0	4					no
P35222	CTNNB1	654	T655K-3.84¬Å	1		0	1					no
P35240	NF2	415	R418C-9.80¬Å	1		0	3					no
P35240	NF2	419	R418C-3.85¬Å	1		0	1					no
P35268	RPL22	106	E108D-5.36¬Å, Y110C-6.93¬Å, E111K-9.23¬Å	3		0	2,4,5					no
P35579	MYH9	8	Y9H-3.88¬Å	1		0	1					no
P35579	MYH9	11	Y9H-6.18¬Å	1		0	2					no
P35579	MYH9	261	R263C-5.34¬Å	1		0	2					no
P35579	MYH9	373	L377F-6.18¬Å	1		0	4					no
P35579	MYH9	383	D384N-3.83¬Å	1		0	1					no
P35579	MYH9	637	R639Q-7.03¬Å	1		0	2					no
P35579	MYH9	810	R814Q-6.11¬Å	1		0	4					no
P35579	MYH9	819	R814Q-8.57¬Å	1		0	5					no
P35579	MYH9	1009	K1014T-7.26¬Å	1		0	5					no
P35579	MYH9	1024	A1019T-7.58¬Å	1		0	5					no
P35579	MYH9	1114	S1114C-0.00¬Å	1		0	0					yes
P35579	MYH9	1357	A1360T-5.17¬Å	1		0	3					no
P35579	MYH9	1435	A1436T-3.87¬Å	1		0	1					no
P35579	MYH9	1441	A1436T-8.59¬Å	1		0	5					no
P35579	MYH9	1511	S1512F-3.87¬Å	1		0	1					no
P35579	MYH9	1512	S1512F-0.00¬Å	1		0	0					yes
P35579	MYH9	1513	S1512F-3.86¬Å	1		0	1					no
P35579	MYH9	1519	E1522K-5.09¬Å	1		0	3					no
P35579	MYH9	1525	E1522K-4.66¬Å	1		0	3					no
P35579	MYH9	1638	E1635K-4.97¬Å	1		0	3					no
P35579	MYH9	1677	E1681K-5.37¬Å	1		0	4					no
P35579	MYH9	1840	R1838C-5.70¬Å	1		0	2					no
P35579	MYH9	1892	S1892F-0.00¬Å	1		0	0					yes
P35579	MYH9	1915	R1912H-4.99¬Å, S1916F-3.87¬Å	2		0	1,3					no
P35579	MYH9	1916	R1912H-6.04¬Å, S1916F-0.00¬Å	2		0	0,4					yes
P35579	MYH9	1920	S1916F-6.89¬Å	1		0	4					no
P35637	FUS	54	S53N-3.87¬Å	1		0	1					no
P35637	FUS	277	A278T-3.66¬Å	1		0	1					no
P35637	FUS	286	T287I-3.82¬Å	1		0	1					no
P35637	FUS	485	R486W-3.10¬Å	1		0	1					no
P35637	FUS	487	R486W-3.87¬Å, G489S-7.40¬Å	2		0	1,2					no
P35637	FUS	491	G489S-6.68¬Å	1		0	2					no
P35637	FUS	518	E517A-3.88¬Å, R519I-3.86¬Å, R522H-6.53¬Å	3		0	1,4					no
P35637	FUS	521	E517A-6.51¬Å, R519I-5.31¬Å, R522H-3.84¬Å	3		0	1,2,4					no
P35637	FUS	522	E517A-9.19¬Å, R519I-5.37¬Å, R522H-0.00¬Å	3		0	0,3,5					yes
P35637	FUS	524	R519I-9.73¬Å, R522H-6.34¬Å	2		0	2,5					no
P35658	NUP214	1021	R1020C-3.87¬Å	1		0	1					no
P35659	DEK	84	K87T-9.61¬Å	1		0	3					no
P35659	DEK	251	E250D-3.85¬Å, E252D-3.84¬Å	2		0	1					no
P35659	DEK	287	S288T-3.83¬Å, T289A-7.00¬Å	2		0	1,2					no
P35659	DEK	288	S288T-0.00¬Å, T289A-3.83¬Å	2		0	0,1					yes
P35659	DEK	289	S288T-3.83¬Å, T289A-0.00¬Å	2		0	0,1					yes
P35659	DEK	290	S288T-6.83¬Å, T289A-3.35¬Å	2		0	1,2					no
P35749	MYH11	8	D10N-5.44¬Å	1		0	2					no
P35749	MYH11	547	A551D-6.08¬Å	1		0	4					no
P35749	MYH11	548	A551D-5.00¬Å	1		0	3					no
P35749	MYH11	604	K601N-5.10¬Å	1		0	3					no
P35749	MYH11	718	R716H-6.57¬Å	1		0	2					no
P35749	MYH11	826	A822T-6.07¬Å	1		0	4					no
P35749	MYH11	883	E884K-3.85¬Å	1		0	1					no
P35749	MYH11	1009	R1008Q-3.85¬Å	1		0	1					no
P35749	MYH11	1088	A1083V-8.11¬Å, A1086T-5.38¬Å	2		0	2,5					no
P35749	MYH11	1189	E1192K-4.95¬Å	1		0	3					no
P35749	MYH11	1367	R1371C-6.59¬Å	1		0	4					no
P35749	MYH11	1368	R1371C-5.42¬Å	1		0	3					no
P35749	MYH11	1484	E1489K-8.50¬Å	1		0	5					no
P35749	MYH11	1487	E1489K-5.47¬Å	1		0	2					no
P35749	MYH11	1558	T1553A-8.37¬Å	1		0	5					no
P35916	FLT4	411	R410C-3.82¬Å	1		0	1					no
P35916	FLT4	830	E829K-3.88¬Å	1		0	1					no
P35916	FLT4	1068	R1070C-5.95¬Å	1		0	2					no
P35916	FLT4	1235	G1238R-9.51¬Å	1		0	3					no
P35968	KDR	975	A973S-7.26¬Å	1		0	2					no
P35968	KDR	982	E979K-9.96¬Å	1		0	3					no
P35968	KDR	996	P992A-9.52¬Å	1		0	4					no
P35968	KDR	1054	R1051Q-9.14¬Å	1		0	3					no
P35968	KDR	1055	R1051Q-8.81¬Å	1		0	4					no
P35968	KDR	1175	D1174Y-3.86¬Å	1		0	1					no
P35968	KDR	1231	R1229Q-6.43¬Å, V1234M-7.81¬Å	2		0	2,3					no
P36888	FLT3	630	A627T-9.69¬Å	1		0	3					no
P36888	FLT3	840	D839G-3.85¬Å, Y842H-5.41¬Å, V843A-6.99¬Å	3		0	1,2,3					no
P36888	FLT3	993	E991K-7.29¬Å, S993L-0.00¬Å	2		0	0,2					yes
P37173	TGFBR2	264	E265K-3.82¬Å	1		0	1					no
P37173	TGFBR2	352	L348P-5.79¬Å	1		0	4					no
P37173	TGFBR2	381	R381W-0.00¬Å	1		0	0					yes
P37173	TGFBR2	470	D471N-3.81¬Å	1		0	1					no
P37173	TGFBR2	548	T543S-8.83¬Å, E544K-6.30¬Å, C545Y-5.10¬Å, D549N-3.86¬Å, P550S-5.57¬Å, E551V-5.28¬Å, R553C-9.51¬Å	7		0	1,2,3,4,5					no
P37173	TGFBR2	551	D549N-5.57¬Å, P550S-3.85¬Å, E551V-0.00¬Å, R553C-5.71¬Å, L554F-6.50¬Å	5		0	0,1,2,3					yes
P37173	TGFBR2	553	D549N-7.18¬Å, P550S-5.44¬Å, E551V-5.71¬Å, R553C-0.00¬Å, L554F-3.85¬Å, T555I-6.28¬Å	6		0	0,1,2,3,4					yes
P37173	TGFBR2	556	R553C-8.73¬Å, L554F-6.77¬Å, T555I-3.81¬Å	3		0	1,2,3					no
P37173	TGFBR2	562	R562C-0.00¬Å	1		0	0					yes
P37173	TGFBR2	566	E567Q-3.76¬Å	1		0	1					no
P37231	PPARG	78	E79K-3.82¬Å	1		0	1					no
P37275	ZEB1	324	R326Q-7.07¬Å	1		0	2					no
P37275	ZEB1	335	E334Q-3.72¬Å	1		0	1					no
P37275	ZEB1	955	R953Q-5.72¬Å	1		0	2					no
P37275	ZEB1	1016	A1016V-0.00¬Å	1		0	0					yes
P37275	ZEB1	1018	A1016V-7.28¬Å	1		0	2					no
P37275	ZEB1	1022	S1023L-3.77¬Å	1		0	1					no
P38398	BRCA1	868	R866C-5.49¬Å	1		0	2					no
P38398	BRCA1	1202	R1203Q-3.33¬Å	1		0	1					no
P39748	FEN1	255	K254N-3.87¬Å, V260M-8.79¬Å	2		0	1,5					no
P39748	FEN1	335	Q333H-5.63¬Å	1		0	2					no
P39748	FEN1	336	Q333H-8.87¬Å, R339H-7.55¬Å	2		0	3					no
P39880	CUX1	432	R432W-0.00¬Å	1		0	0					yes
P39880	CUX1	467	A465V-7.05¬Å	1		0	2					no
P39880	CUX1	611	R613C-5.50¬Å	1		0	2					no
P39880	CUX1	811	D812N-3.48¬Å	1		0	1					no
P40238	MPL	546	S550N-7.23¬Å	1		0	4					no
P40238	MPL	553	S550N-9.95¬Å, P551L-7.12¬Å, A554T-3.31¬Å	3		0	1,2,3					no
P40337	VHL	171	L169P-6.87¬Å	1		0	2					no
P40337	VHL	183	L184P-3.85¬Å, L188P-8.85¬Å	2		0	1,5					no
P40337	VHL	202	R205C-5.16¬Å	1		0	3					no
P40424	PBX1	379	R375C-6.09¬Å, H376P-4.84¬Å, S379G-0.00¬Å, G382E-6.87¬Å	4		0	0,3,4					yes
P40692	MLH1	70	G67R-9.49¬Å	1		0	3					no
P40692	MLH1	386	R385C-3.83¬Å	1		0	1					no
P40692	MLH1	388	R385C-7.62¬Å	1		0	3					no
P40692	MLH1	406	S405F-3.22¬Å	1		0	1					no
P40692	MLH1	477	R474W-9.80¬Å	1		0	3					no
P40763	STAT3	49	A53G-6.15¬Å	1		0	4					no
P40763	STAT3	153	R152W-3.85¬Å	1		0	1					no
P40763	STAT3	283	R278C-8.56¬Å	1		0	5					no
P40763	STAT3	409	H410R-3.84¬Å	1		0	1					no
P40763	STAT3	539	E538K-3.84¬Å	1		0	1					no
P40763	STAT3	691	D693V-6.36¬Å	1		0	2					no
P40818	USP8	400	K402N-7.46¬Å	1		0	2					no
P40818	USP8	641	R640Q-3.85¬Å	1		0	1					no
P40818	USP8	717	P720Q-8.74¬Å	1		0	3					no
P40818	USP8	718	P720Q-6.92¬Å	1		0	2					no
P40818	USP8	719	P720Q-3.88¬Å	1		0	1					no
P40818	USP8	723	P720Q-8.90¬Å	1		0	3					no
P41161	ETV5	89	R90W-3.83¬Å	1		0	1					no
P41161	ETV5	468	P465L-8.66¬Å, E470K-5.35¬Å	2		0	2,3					no
P41182	BCL6	157	R158Q-3.91¬Å	1		0	1					no
P41182	BCL6	379	V382M-4.95¬Å	1		0	3					no
P41182	BCL6	385	V382M-5.24¬Å	1		0	3					no
P41182	BCL6	597	R594Q-4.95¬Å	1		0	3					no
P41212	ETV6	11	R14Q-9.73¬Å	1		0	3					no
P41212	ETV6	16	R14Q-6.38¬Å	1		0	2					no
P41212	ETV6	17	R14Q-9.89¬Å	1		0	3					no
P41212	ETV6	213	P214L-3.92¬Å	1		0	1					no
P41212	ETV6	284	S284F-0.00¬Å	1		0	0					yes
P41212	ETV6	393	E392K-3.86¬Å, R396G-5.84¬Å, A397T-8.24¬Å, L398Q-9.81¬Å	4		0	1,3,4,5					no
P41212	ETV6	403	L398Q-9.34¬Å, R399C-7.15¬Å, H400R-5.44¬Å, Y401C-5.53¬Å, L404V-3.85¬Å, I407T-8.74¬Å	6		0	1,2,3,4,5					no
P42345	MTOR	384	K384N-0.00¬Å	1		0	0					yes
P42345	MTOR	567	T571M-9.27¬Å	1		0	4					no
P42345	MTOR	880	R881C-3.87¬Å	1		0	1					no
P42345	MTOR	1465	L1460P-8.62¬Å	1		0	5					no
P42345	MTOR	1635	V1630I-8.80¬Å	1		0	5					no
P42345	MTOR	1804	E1799K-8.63¬Å	1		0	5					no
P42345	MTOR	1847	E1845K-7.06¬Å	1		0	2					no
P42345	MTOR	1893	F1888L-8.57¬Å, R1890C-5.14¬Å	2		0	3,5					no
P42345	MTOR	2218	S2215Y-5.10¬Å	1		0	3					no
P42345	MTOR	2442	R2441Q-3.56¬Å	1		0	1					no
P42345	MTOR	2444	R2441Q-9.85¬Å	1		0	3					no
P42345	MTOR	2471	T2471M-0.00¬Å	1		0	0					yes
P42345	MTOR	2473	T2471M-6.91¬Å	1		0	2					no
P42345	MTOR	2496	I2500M-6.44¬Å, I2501F-8.75¬Å	2		0	4,5					no
P42566	EPS15	234	K237T-7.05¬Å	1		0	3					no
P42566	EPS15	304	H301D-9.45¬Å	1		0	3					no
P42568	MLLT3	321	C320S-3.84¬Å, S321F-0.00¬Å	2		0	0,1					yes
P42680	TEC	233	V234I-3.83¬Å	1		0	1					no
P42684	ABL2	96	R94M-6.13¬Å	1		0	2					no
P42684	ABL2	231	E235Q-8.17¬Å	1		0	4					no
P42684	ABL2	683	E684K-3.89¬Å	1		0	1					no
P42684	ABL2	959	F958L-3.80¬Å	1		0	1					no
P42684	ABL2	968	S968F-0.00¬Å	1		0	0					yes
P42684	ABL2	969	S968F-3.84¬Å	1		0	1					no
P42702	LIFR	303	R302H-3.82¬Å	1		0	1					no
P42702	LIFR	866	R862Q-6.27¬Å	1		0	4					no
P42768	WAS	291	D292N-3.86¬Å	1		0	1					no
P42768	WAS	321	R321P-0.00¬Å	1		0	0					yes
P42768	WAS	338	R338H-0.00¬Å	1		0	0					yes
P42768	WAS	483	S478N-8.22¬Å, A480V-5.74¬Å, E486K-8.08¬Å	3		0	3,5					no
P42768	WAS	484	A480V-8.42¬Å, E486K-6.98¬Å	2		0	2,4					no
P43146	DCC	115	G113R-6.47¬Å	1		0	2					no
P43146	DCC	1073	D1071N-6.47¬Å	1		0	2					no
P43146	DCC	1074	D1071N-9.39¬Å	1		0	3					no
P43146	DCC	1267	P1266L-3.82¬Å, C1270Y-9.26¬Å	2		0	1,3					no
P43246	MSH2	872	K871N-3.83¬Å	1		0	1					no
P43268	ETV4	73	D72N-3.84¬Å	1		0	1					no
P43405	SYK	44	R42H-6.59¬Å	1		0	2					no
P43405	SYK	334	R338K-6.28¬Å	1		0	4					no
P43405	SYK	579	G578E-3.86¬Å, E580K-3.85¬Å	2		0	1					no
P43405	SYK	582	G578E-6.32¬Å, E580K-5.50¬Å, E586D-6.26¬Å	3		0	2,4					no
P43405	SYK	587	E586D-3.87¬Å, R590W-8.96¬Å	2		0	1,3					no
P43405	SYK	629	R625W-6.37¬Å, R627H-5.43¬Å, V633M-6.25¬Å	3		0	2,4					no
P43405	SYK	630	R625W-8.62¬Å, R627H-4.91¬Å, V633M-5.46¬Å	3		0	3,5					no
P43405	SYK	631	R627H-6.04¬Å, V633M-5.66¬Å	2		0	2,4					no
P46100	ATRX	74	S76L-6.95¬Å	1		0	2					no
P46100	ATRX	385	R390H-8.38¬Å	1		0	5					no
P46100	ATRX	388	R390H-5.58¬Å	1		0	2					no
P46100	ATRX	601	G602C-3.18¬Å	1		0	1					no
P46100	ATRX	656	R654Q-7.23¬Å	1		0	2					no
P46100	ATRX	783	R781Q-7.11¬Å	1		0	2					no
P46100	ATRX	805	K806N-3.26¬Å	1		0	1					no
P46100	ATRX	806	K806N-0.00¬Å	1		0	0					yes
P46100	ATRX	897	D898Y-3.67¬Å, T899M-6.15¬Å	2		0	1,2					no
P46100	ATRX	1009	Q1007H-6.30¬Å	1		0	2					no
P46100	ATRX	1063	E1065D-6.51¬Å	1		0	2					no
P46100	ATRX	1066	E1065D-3.23¬Å	1		0	1					no
P46100	ATRX	1488	L1484I-5.60¬Å	1		0	4					no
P46100	ATRX	1584	S1585F-3.85¬Å	1		0	1					no
P46100	ATRX	1825	F1826L-3.88¬Å	1		0	1					no
P46100	ATRX	1924	S1924F-0.00¬Å	1		0	0					yes
P46100	ATRX	1928	K1930N-7.15¬Å	1		0	2					no
P46100	ATRX	2076	R2079Q-9.83¬Å	1		0	3					no
P46100	ATRX	2083	R2079Q-5.31¬Å	1		0	4					no
P46100	ATRX	2282	E2281D-3.89¬Å	1		0	1					no
P46100	ATRX	2283	E2281D-5.54¬Å	1		0	2					no
P46531	NOTCH1	2323	R2327W-9.98¬Å	1		0	4					no
P46777	RPL5	2	F3L-3.83¬Å	1		0	1					no
P46777	RPL5	5	F3L-6.68¬Å	1		0	2					no
P46777	RPL5	207	Y207H-0.00¬Å, M208T-3.84¬Å, R209H-5.46¬Å	3		0	0,1,2					yes
P46777	RPL5	209	Y207H-5.46¬Å, M208T-3.87¬Å, R209H-0.00¬Å	3		0	0,1,2					yes
P46777	RPL5	221	Q222P-3.85¬Å, F223L-5.78¬Å	2		0	1,2					no
P46777	RPL5	228	F223L-8.65¬Å, Y226H-5.42¬Å, V231I-7.90¬Å	3		0	2,3,5					no
P48735	IDH2	133	G137E-7.20¬Å	1		0	4					no
P48735	IDH2	134	G137E-5.11¬Å	1		0	3					no
P48735	IDH2	138	G137E-3.86¬Å, R140Q-5.73¬Å	2		0	1,2					no
P48735	IDH2	272	E268D-6.22¬Å	1		0	4					no
P48735	IDH2	275	D277N-5.64¬Å, D279N-6.04¬Å, K280N-8.50¬Å	3		0	2,4,5					no
P48735	IDH2	280	D277N-4.89¬Å, D279N-3.89¬Å, K280N-0.00¬Å, K282T-5.49¬Å	4		0	0,1,2,3					yes
P48735	IDH2	282	D277N-8.50¬Å, D279N-4.98¬Å, K280N-5.49¬Å, K282T-0.00¬Å	4		0	0,2,3,5					yes
P49589	CARS1	48	A50T-6.46¬Å	1		0	2					no
P49589	CARS1	148	A145T-5.44¬Å	1		0	3					no
P49711	CTCF	224	Y226C-6.89¬Å	1		0	2					no
P49711	CTCF	287	R283C-7.16¬Å, H284Y-5.03¬Å	2		0	3,4					no
P49711	CTCF	289	H284Y-9.25¬Å	1		0	5					no
P49711	CTCF	317	R320H-8.81¬Å	1		0	3					no
P49711	CTCF	319	R320H-3.82¬Å	1		0	1					no
P49711	CTCF	343	R339W-6.24¬Å, R341H-5.51¬Å	2		0	2,4					no
P49711	CTCF	346	R341H-6.20¬Å	1		0	5					no
P49711	CTCF	352	S354F-6.63¬Å, C356F-8.30¬Å	2		0	2,4					no
P49711	CTCF	374	R371H-4.93¬Å, R377H-8.99¬Å	2		0	3					no
P49711	CTCF	449	R448Q-3.87¬Å	1		0	1					no
P49711	CTCF	450	R448Q-5.45¬Å	1		0	2					no
P49711	CTCF	496	R494C-6.20¬Å	1		0	2					no
P49711	CTCF	518	R515H-4.96¬Å, T516A-5.75¬Å, G519R-3.87¬Å	3		0	1,2,3					no
P49711	CTCF	526	A524T-6.56¬Å	1		0	2					no
P49711	CTCF	563	R566H-9.10¬Å	1		0	3					no
P49711	CTCF	569	R566H-5.58¬Å	1		0	3					no
P49711	CTCF	604	R603C-3.78¬Å	1		0	1					no
P49711	CTCF	689	E687K-5.97¬Å	1		0	2					no
P49802	RGS7	38	R33W-9.71¬Å, D36N-5.62¬Å, E37K-3.87¬Å, G40E-5.92¬Å, P42S-8.99¬Å	5		0	1,2,4,5					no
P49802	RGS7	241	S241N-0.00¬Å	1		0	0					yes
P49815	TSC2	540	R537H-8.97¬Å	1		0	3					no
P49815	TSC2	914	R917W-5.30¬Å	1		0	3					no
P49815	TSC2	981	R978H-5.55¬Å	1		0	3					no
P49815	TSC2	1269	R1268C-3.68¬Å	1		0	1					no
P49815	TSC2	1760	E1757K-5.17¬Å, A1759T-3.87¬Å	2		0	1,3					no
P49915	GMPS	159	D158H-3.84¬Å	1		0	1					no
P50148	GNAQ	183	R183Q-0.00¬Å	1		0	0					yes
P50148	GNAQ	252	R247Q-8.75¬Å, M248T-6.17¬Å, L254V-5.42¬Å, R256T-6.16¬Å	4		0	2,4,5					no
P50219	MNX1	342	S344G-6.15¬Å	1		0	2					no
P50570	DNM2	113	G114S-3.86¬Å	1		0	1					no
P50570	DNM2	116	G114S-7.09¬Å	1		0	2					no
P50570	DNM2	240	R237C-7.89¬Å	1		0	3					no
P50570	DNM2	286	R290W-6.45¬Å	1		0	4					no
P50570	DNM2	292	R290W-5.51¬Å, L296I-6.17¬Å	2		0	2,4					no
P50570	DNM2	299	L296I-5.10¬Å	1		0	3					no
P50570	DNM2	315	R318W-8.40¬Å	1		0	3					no
P50570	DNM2	357	R361Q-6.39¬Å	1		0	4					no
P50570	DNM2	414	E410K-6.04¬Å	1		0	4					no
P50570	DNM2	532	G537D-7.13¬Å	1		0	5					no
P50570	DNM2	862	R862H-0.00¬Å, E865K-8.66¬Å	2		0	0,3					yes
P51532	SMARCA4	626	A626P-0.00¬Å	1		0	0					yes
P51532	SMARCA4	837	G839D-5.30¬Å	1		0	2					no
P51532	SMARCA4	850	M845I-8.50¬Å	1		0	5					no
P51532	SMARCA4	1033	R1030W-8.28¬Å	1		0	3					no
P51532	SMARCA4	1081	V1080M-3.85¬Å	1		0	1					no
P51532	SMARCA4	1219	G1224E-8.84¬Å	1		0	5					no
P51532	SMARCA4	1221	G1224E-5.14¬Å, G1226C-8.84¬Å	2		0	3,5					no
P51532	SMARCA4	1379	D1382N-8.61¬Å	1		0	3					no
P51532	SMARCA4	1380	D1382N-5.86¬Å	1		0	2					no
P51532	SMARCA4	1382	D1382N-0.00¬Å	1		0	0					yes
P51826	AFF3	310	S307C-5.07¬Å	1		0	3					no
P51826	AFF3	921	E919K-6.91¬Å, S923Y-7.42¬Å	2		0	2					no
P51826	AFF3	954	T956M-6.74¬Å	1		0	2					no
P51826	AFF3	957	T956M-3.84¬Å	1		0	1					no
P52333	JAK3	15	R14H-3.63¬Å	1		0	1					no
P52333	JAK3	17	R14H-7.17¬Å	1		0	3					no
P52333	JAK3	652	R651Q-3.87¬Å	1		0	1					no
P52333	JAK3	855	L857P-7.11¬Å	1		0	2					no
P52333	JAK3	1120	S1122Y-7.04¬Å	1		0	2					no
P52701	MSH6	261	E264K-9.49¬Å	1		0	3					no
P52701	MSH6	305	G306E-3.82¬Å	1		0	1					no
P52701	MSH6	309	G306E-9.97¬Å	1		0	3					no
P52701	MSH6	957	R959H-5.68¬Å	1		0	2					no
P52701	MSH6	1009	K1013N-6.53¬Å	1		0	4					no
P52701	MSH6	1010	K1013N-5.26¬Å	1		0	3					no
P52701	MSH6	1014	K1013N-3.86¬Å	1		0	1					no
P52701	MSH6	1092	R1095H-9.04¬Å	1		0	3					no
P52701	MSH6	1101	K1101N-0.00¬Å	1		0	0					yes
P52701	MSH6	1240	R1242H-6.81¬Å	1		0	2					no
P52926	HMGA2	44	G41C-7.11¬Å, R47K-8.17¬Å	2		0	3					no
P53675	CLTCL1	394	E396D-5.34¬Å	1		0	2					no
P53675	CLTCL1	477	R481W-6.50¬Å	1		0	4					no
P53675	CLTCL1	963	P965S-6.21¬Å	1		0	2					no
P53675	CLTCL1	966	P965S-3.87¬Å	1		0	1					no
P53675	CLTCL1	989	S989L-0.00¬Å	1		0	0					yes
P53675	CLTCL1	1168	R1165H-8.76¬Å	1		0	3					no
P54098	POLG	383	R386C-5.03¬Å	1		0	3					no
P54278	PMS2	413	V415M-7.40¬Å	1		0	2					no
P54278	PMS2	485	T485A-0.00¬Å	1		0	0					yes
P54278	PMS2	624	S624Y-0.00¬Å	1		0	0					yes
P54278	PMS2	777	G779R-6.68¬Å	1		0	2					no
P55196	AFDN	1275	R1273C-6.96¬Å	1		0	2					no
P55196	AFDN	1512	S1509N-9.08¬Å	1		0	3					no
P55197	MLLT10	686	R688L-7.41¬Å	1		0	2					no
P55199	ELL	519	S519L-0.00¬Å, R522C-4.88¬Å	2		0	0,3					yes
P55199	ELL	561	R558W-7.88¬Å	1		0	3					no
P55211	CASP9	189	E188D-3.87¬Å, R191Q-5.58¬Å, R193H-6.11¬Å	3		0	1,2,4					no
P55211	CASP9	195	R191Q-6.04¬Å, R193H-5.40¬Å	2		0	2,4					no
P55211	CASP9	196	R191Q-8.64¬Å, R193H-5.15¬Å	2		0	3,5					no
P55287	CDH11	791	D790Y-3.82¬Å	1		0	1					no
P55317	FOXA1	223	D226N-7.70¬Å	1		0	3					no
P55317	FOXA1	264	R261C-8.88¬Å	1		0	3					no
P60228	EIF3E	2	F3E-3.89¬Å	1		0	1					no
P60484	PTEN	60	H61L-3.86¬Å	1		0	1					no
P60484	PTEN	62	H61L-3.86¬Å	1		0	1					no
P60484	PTEN	66	H61L-9.68¬Å, Y68C-6.79¬Å	2		0	2,5					no
P60484	PTEN	80	V85F-9.64¬Å	1		0	5					no
P60484	PTEN	177	R173C-6.04¬Å, Y174C-4.79¬Å, L181P-6.46¬Å	3		0	3,4					no
P60484	PTEN	336	F341V-9.91¬Å	1		0	5					no
P61244	MAX	24	H28R-6.19¬Å	1		0	4					no
P61244	MAX	49	L46S-5.13¬Å, R47W-5.44¬Å, P51S-6.42¬Å	3		0	2,3					no
P61244	MAX	57	R60Q-9.92¬Å	1		0	3					no
P61244	MAX	59	R60Q-3.86¬Å	1		0	1					no
P61586	RHOA	66	G62E-7.61¬Å, L69P-5.09¬Å	2		0	3,4					no
P61586	RHOA	104	F106L-5.71¬Å	1		0	2					no
P61769	B2M	4	B2M-5.31¬Å	1		0	2					no
P62258	YWHAE	12	A11V-3.88¬Å, E15K-5.01¬Å	2		0	1,3					no
P62633	CNBP	47	S47F-0.00¬Å	1		0	0					yes
P62633	CNBP	49	S47F-5.33¬Å	1		0	2					no
P63000	RAC1	64	Q61R-5.92¬Å, D63Y-3.86¬Å, R68H-5.85¬Å, P69S-9.02¬Å	4		0	1,3,4,5					no
P63000	RAC1	71	R68H-5.87¬Å, P69S-5.22¬Å, S71F-0.00¬Å, P73L-6.08¬Å	4		0	0,2,3					yes
P63092	GNAS	335	P335L-0.00¬Å	1		0	0					yes
P63092	GNAS	338	P335L-5.47¬Å, G341R-5.28¬Å	2		0	3					no
P63092	GNAS	339	P335L-6.09¬Å, G341R-5.39¬Å	2		0	2,4					no
P67936	TPM4	87	R90Q-4.95¬Å	1		0	3					no
P67936	TPM4	92	R90Q-5.55¬Å, V95I-5.04¬Å	2		0	2,3					no
P67936	TPM4	100	V95I-8.72¬Å	1		0	5					no
P67936	TPM4	153	A155V-5.37¬Å	1		0	2					no
P78324	SIRPA	453	E450K-9.65¬Å	1		0	3					no
P78545	ELF3	264	E262Q-6.30¬Å	1		0	2					no
P78545	ELF3	356	K353N-9.73¬Å, F354V-6.94¬Å, K356E-0.00¬Å, S358L-5.60¬Å	4		0	0,2,3					yes
P78549	NTHL1	68	R65C-9.55¬Å	1		0	3					no
P84022	SMAD3	117	A112V-8.08¬Å	1		0	5					no
P84022	SMAD3	264	R268C-8.12¬Å	1		0	4					no
P84022	SMAD3	412	S416F-8.52¬Å	1		0	4					no
P84022	SMAD3	416	S416F-0.00¬Å, P417L-3.86¬Å, S418N-6.49¬Å, R420H-8.74¬Å	4		0	0,1,2,4					yes
P84022	SMAD3	418	S416F-6.49¬Å, P417L-3.85¬Å, S418N-0.00¬Å, R420H-6.32¬Å	4		0	0,1,2					yes
P84022	SMAD3	422	R420H-6.48¬Å, S423R-3.84¬Å, S425Y-5.60¬Å	3		0	1,2,3					no
P84022	SMAD3	423	R420H-9.37¬Å, S423R-0.00¬Å, S425Y-6.21¬Å	3		0	0,2,3					yes
P84022	SMAD3	425	S423R-6.21¬Å, S425Y-0.00¬Å	2		0	0,2					yes
P84103	SRSF3	85	R86T-3.91¬Å, R88I-6.49¬Å, R90C-8.90¬Å	3		0	1,3,5					no
P84103	SRSF3	90	R86T-6.57¬Å, R88I-5.92¬Å, R90C-0.00¬Å, P94S-9.83¬Å	4		0	0,2,4					yes
P84103	SRSF3	95	P94S-3.80¬Å, W96L-3.85¬Å, R99H-7.93¬Å, P100S-9.11¬Å	4		0	1,4,5					no
P84103	SRSF3	98	P94S-9.29¬Å, W96L-6.46¬Å, R99H-3.81¬Å, P100S-6.26¬Å	4		0	1,2,4					no
P84243	H3-3B	32	P31L-3.87¬Å, T33S-3.86¬Å, G35V-8.61¬Å	3		0	1,3					no
P84243	H3-3B	38	G35V-8.31¬Å, K37M-3.84¬Å, R41H-8.53¬Å	3		0	1,3					no
P84243	H3-3B	41	R41H-0.00¬Å, Y42C-3.81¬Å	2		0	0,1					yes
P84243	H3-3B	42	R41H-3.81¬Å, Y42C-0.00¬Å	2		0	0,1					yes
P98175	RBM10	69	R71C-6.51¬Å	1		0	2					no
P98175	RBM10	73	R71C-7.10¬Å	1		0	2					no
P98175	RBM10	845	S846L-3.83¬Å	1		0	1					no
P98177	FOXO4	189	R192H-7.66¬Å	1		0	3					no
Q00534	CDK6	86	R87Q-3.80¬Å, T88A-6.73¬Å	2		0	1,2					no
Q00534	CDK6	223	R220C-9.48¬Å	1		0	3					no
Q00610	CLTC	227	R225W-6.86¬Å	1		0	2					no
Q00610	CLTC	841	F844L-5.24¬Å	1		0	3					no
Q00610	CLTC	842	F844L-5.63¬Å	1		0	2					no
Q00610	CLTC	899	P894L-9.73¬Å	1		0	5					no
Q00610	CLTC	903	R907H-5.88¬Å	1		0	4					no
Q00610	CLTC	907	R907H-0.00¬Å	1		0	0					yes
Q00610	CLTC	911	R907H-7.55¬Å	1		0	4					no
Q00653	NFKB2	55	R52Q-9.66¬Å	1		0	3					no
Q00653	NFKB2	161	R160H-3.84¬Å	1		0	1					no
Q00653	NFKB2	277	P278L-3.86¬Å	1		0	1					no
Q00653	NFKB2	739	K743N-6.11¬Å	1		0	4					no
Q00987	MDM2	246	T249M-9.33¬Å	1		0	3					no
Q00987	MDM2	248	T249M-3.84¬Å	1		0	1					no
Q00987	MDM2	252	T249M-9.07¬Å	1		0	3					no
Q00987	MDM2	259	D256N-8.80¬Å	1		0	3					no
Q00987	MDM2	282	S284Y-5.86¬Å	1		0	2					no
Q00987	MDM2	285	S284Y-3.81¬Å	1		0	1					no
Q00987	MDM2	287	S284Y-9.10¬Å	1		0	3					no
Q01105	SET	63	E65K-5.53¬Å	1		0	2					no
Q01105	SET	68	E65K-5.13¬Å	1		0	3					no
Q01105	SET	72	R77C-8.86¬Å	1		0	5					no
Q01130	SRSF2	66	D67N-3.85¬Å, E69K-5.18¬Å	2		0	1,3					no
Q01130	SRSF2	94	P95L-3.87¬Å	1		0	1					no
Q01130	SRSF2	98	P95L-7.97¬Å	1		0	3					no
Q01130	SRSF2	200	S200F-0.00¬Å	1		0	0					yes
Q01130	SRSF2	204	R205L-3.88¬Å	1		0	1					no
Q01130	SRSF2	212	K211E-3.89¬Å	1		0	1					no
Q01130	SRSF2	220	A218T-7.05¬Å	1		0	2					no
Q01196	RUNX1	14	S12L-6.42¬Å	1		0	2					no
Q01196	RUNX1	182	P184L-5.99¬Å	1		0	2					no
Q01196	RUNX1	193	D198N-9.13¬Å	1		0	5					no
Q01196	RUNX1	199	D198N-3.85¬Å, R201Q-5.49¬Å, R204Q-8.43¬Å	3		0	1,2,5					no
Q01196	RUNX1	206	R201Q-9.61¬Å, R204Q-5.44¬Å	2		0	2,5					no
Q01196	RUNX1	230	R232L-7.09¬Å	1		0	2					no
Q01196	RUNX1	319	E316K-9.79¬Å	1		0	3					no
Q01196	RUNX1	435	T437A-6.97¬Å	1		0	2					no
Q01543	FLI1	10	S10L-0.00¬Å	1		0	0					yes
Q01543	FLI1	13	S10L-8.68¬Å	1		0	3					no
Q01543	FLI1	67	R68W-3.83¬Å	1		0	1					no
Q01543	FLI1	325	R320C-8.67¬Å, R324W-3.87¬Å	2		0	1,5					no
Q01543	FLI1	350	R355I-9.51¬Å	1		0	5					no
Q01543	FLI1	438	V436I-7.31¬Å, R438H-0.00¬Å	2		0	0,2					yes
Q01831	XPC	711	R715Q-6.14¬Å	1		0	4					no
Q01844	EWSR1	314	R315C-3.86¬Å	1		0	1					no
Q01844	EWSR1	317	R315C-6.58¬Å	1		0	2					no
Q01844	EWSR1	417	D417N-0.00¬Å	1		0	0					yes
Q01844	EWSR1	461	R460W-3.84¬Å	1		0	1					no
Q01844	EWSR1	464	R466C-6.80¬Å	1		0	2					no
Q01844	EWSR1	563	P562S-3.85¬Å	1		0	1					no
Q01844	EWSR1	565	P562S-9.58¬Å, D567N-7.17¬Å	2		0	2,3					no
Q01844	EWSR1	572	R570T-5.95¬Å, G574C-7.33¬Å	2		0	2					no
Q02297	NRG1	403	S406F-9.89¬Å	1		0	3					no
Q02548	PAX5	179	G183S-6.39¬Å	1		0	4					no
Q02548	PAX5	180	G183S-5.07¬Å	1		0	3					no
Q04721	NOTCH2	1708	S1708F-0.00¬Å	1		0	0					yes
Q04721	NOTCH2	1778	E1780K-4.97¬Å	1		0	2					no
Q04721	NOTCH2	2295	R2298W-7.43¬Å	1		0	3					no
Q04721	NOTCH2	2296	R2298W-6.60¬Å	1		0	2					no
Q04771	ACVR1	203	R206H-5.75¬Å	1		0	3					no
Q04864	REL	421	R421C-0.00¬Å	1		0	0					yes
Q06124	PTPN11	142	D146Y-8.42¬Å	1		0	4					no
Q06124	PTPN11	511	S506P-7.99¬Å, G507V-6.36¬Å, Q510P-3.83¬Å, T511K-0.00¬Å, Q514L-5.38¬Å, R516Q-9.04¬Å	6		0	0,1,3,4,5					yes
Q06136	KDSR	313	R316C-5.14¬Å	1		0	3					no
Q06187	BTK	225	E227K-6.48¬Å	1		0	2					no
Q06187	BTK	361	R366H-8.47¬Å	1		0	5					no
Q06187	BTK	366	R366H-0.00¬Å	1		0	0					yes
Q06187	BTK	371	R366H-5.53¬Å	1		0	5					no
Q06187	BTK	558	R559Q-3.84¬Å	1		0	1					no
Q06187	BTK	564	R559Q-8.86¬Å	1		0	5					no
Q07812	BAX	64	L63I-3.86¬Å, G67R-5.08¬Å	2		0	1,3					no
Q07812	BAX	87	P88S-3.87¬Å, R89Q-5.46¬Å	2		0	1,2					no
Q07864	POLE	792	R793C-3.85¬Å	1		0	1					no
Q07864	POLE	1155	P1159S-9.14¬Å	1		0	4					no
Q07864	POLE	1162	P1159S-6.24¬Å, R1160H-6.19¬Å	2		0	2,3					no
Q07864	POLE	2023	V2025M-6.62¬Å	1		0	2					no
Q08881	ITK	22	R20I-5.72¬Å	1		0	2					no
Q08881	ITK	61	R59Q-6.27¬Å	1		0	2					no
Q08881	ITK	198	R193W-9.77¬Å, E196K-6.76¬Å	2		0	2,5					no
Q08881	ITK	248	R246Q-5.52¬Å	1		0	2					no
Q08881	ITK	258	G257D-3.88¬Å	1		0	1					no
Q08881	ITK	296	E297K-3.81¬Å	1		0	1					no
Q09472	EP300	350	H349R-3.88¬Å	1		0	1					no
Q09472	EP300	569	R568W-3.85¬Å	1		0	1					no
Q09472	EP300	614	R613W-3.84¬Å	1		0	1					no
Q09472	EP300	839	R838C-3.56¬Å	1		0	1					no
Q09472	EP300	841	R838C-9.48¬Å	1		0	3					no
Q09472	EP300	1167	C1164Y-8.70¬Å	1		0	3					no
Q09472	EP300	1499	P1502L-7.84¬Å	1		0	3					no
Q09472	EP300	1528	E1524K-6.07¬Å	1		0	4					no
Q09472	EP300	1632	R1627W-8.67¬Å, A1629V-5.07¬Å	2		0	3,5					no
Q09472	EP300	1834	R1829C-8.55¬Å	1		0	5					no
Q09472	EP300	2315	R2317Q-7.00¬Å	1		0	2					no
Q09472	EP300	2317	R2317Q-0.00¬Å	1		0	0					yes
Q09472	EP300	2320	R2317Q-9.78¬Å	1		0	3					no
Q09472	EP300	2366	D2368N-7.00¬Å	1		0	2					no
Q10571	MN1	1007	W1010C-9.53¬Å	1		0	3					no
Q10571	MN1	1012	W1010C-6.63¬Å	1		0	2					no
Q12778	FOXO1	22	S22W-0.00¬Å	1		0	0					yes
Q12778	FOXO1	24	S22W-4.88¬Å	1		0	2					no
Q12778	FOXO1	210	R214C-6.58¬Å	1		0	4					no
Q12778	FOXO1	212	R214C-5.54¬Å	1		0	2					no
Q12778	FOXO1	317	R314H-9.36¬Å, R316Q-3.85¬Å	2		0	1,3					no
Q12778	FOXO1	318	R316Q-6.00¬Å	1		0	2					no
Q12778	FOXO1	319	R316Q-8.43¬Å	1		0	3					no
Q12778	FOXO1	550	S550L-0.00¬Å	1		0	0					yes
Q12824	SMARCB1	94	D95N-3.84¬Å	1		0	1					no
Q12824	SMARCB1	314	F316V-5.59¬Å, T318I-6.20¬Å	2		0	2,4					no
Q12864	CDH17	548	S549Y-3.84¬Å	1		0	1					no
Q12923	PTPN13	301	S302F-3.82¬Å	1		0	1					no
Q12923	PTPN13	302	S302F-0.00¬Å	1		0	0					yes
Q12923	PTPN13	887	S887L-0.00¬Å	1		0	0					yes
Q12923	PTPN13	890	S887L-4.94¬Å	1		0	3					no
Q13015	MLLT11	84	E86K-5.57¬Å	1		0	2					no
Q13017	ARHGAP5	862	S862L-0.00¬Å	1		0	0					yes
Q13017	ARHGAP5	1060	N1057T-5.60¬Å	1		0	3					no
Q13191	CBLB	697	E696D-3.97¬Å	1		0	1					no
Q13191	CBLB	763	L764V-3.96¬Å	1		0	1					no
Q13206	DDX10	197	R200Q-5.72¬Å	1		0	3					no
Q13206	DDX10	569	E567K-6.90¬Å	1		0	2					no
Q13422	IKZF1	157	G158S-3.85¬Å, N159Y-5.42¬Å, R162Q-8.60¬Å	3		0	1,2,5					no
Q13422	IKZF1	165	R162Q-5.25¬Å	1		0	3					no
Q13422	IKZF1	241	E243K-5.85¬Å	1		0	2					no
Q13422	IKZF1	258	S261Y-5.46¬Å	1		0	3					no
Q13422	IKZF1	261	S261Y-0.00¬Å	1		0	0					yes
Q13422	IKZF1	269	V271I-5.58¬Å	1		0	2					no
Q13422	IKZF1	273	V271I-5.51¬Å	1		0	2					no
Q13422	IKZF1	281	L283I-6.15¬Å	1		0	2					no
Q13422	IKZF1	286	L283I-9.28¬Å	1		0	3					no
Q13422	IKZF1	301	E304K-5.15¬Å	1		0	3					no
Q13422	IKZF1	389	E387K-6.54¬Å	1		0	2					no
Q13422	IKZF1	427	G425R-5.89¬Å, E430K-9.26¬Å	2		0	2,3					no
Q13422	IKZF1	429	E430K-3.79¬Å	1		0	1					no
Q13469	NFATC2	236	V238M-6.58¬Å	1		0	2					no
Q13469	NFATC2	255	S255L-0.00¬Å	1		0	0					yes
Q13469	NFATC2	268	R271C-9.90¬Å	1		0	3					no
Q13469	NFATC2	274	R271C-9.72¬Å	1		0	3					no
Q13469	NFATC2	276	P277L-3.82¬Å	1		0	1					no
Q13469	NFATC2	280	P277L-9.56¬Å	1		0	3					no
Q13469	NFATC2	346	R343H-9.47¬Å	1		0	3					no
Q13485	SMAD4	122	A118V-7.50¬Å	1		0	4					no
Q13485	SMAD4	368	G365D-8.38¬Å	1		0	3					no
Q13489	BIRC3	7	S7I-0.00¬Å	1		0	0					yes
Q13492	PICALM	291	K288N-9.51¬Å	1		0	3					no
Q13492	PICALM	537	S537Y-0.00¬Å, D538N-3.85¬Å	2		0	0,1					yes
Q13492	PICALM	543	D538N-9.55¬Å, S542L-3.85¬Å	2		0	1,5					no
Q13535	ATR	177	R177Q-0.00¬Å	1		0	0					yes
Q13535	ATR	459	Q458K-3.86¬Å	1		0	1					no
Q13535	ATR	1140	G1144D-8.86¬Å	1		0	4					no
Q13535	ATR	1185	G1181V-9.25¬Å, R1183Q-6.87¬Å	2		0	2,4					no
Q13535	ATR	2026	A2030V-6.16¬Å	1		0	4					no
Q13535	ATR	2106	E2103K-5.23¬Å	1		0	3					no
Q13535	ATR	2210	S2207F-6.35¬Å	1		0	3					no
Q13535	ATR	2404	R2407C-5.24¬Å	1		0	3					no
Q13535	ATR	2589	L2593I-6.21¬Å	1		0	4					no
Q13618	CUL3	63	H67Y-6.24¬Å	1		0	4					no
Q13618	CUL3	68	H67Y-3.89¬Å	1		0	1					no
Q13618	CUL3	301	M299R-5.55¬Å	1		0	2					no
Q13618	CUL3	326	L321F-8.46¬Å	1		0	5					no
Q13635	PTCH1	1195	R1192H-8.75¬Å	1		0	3					no
Q13635	PTCH1	1394	R1394Q-0.00¬Å	1		0	0					yes
Q13635	PTCH1	1425	S1425L-0.00¬Å	1		0	0					yes
Q13772	NCOA4	42	R40W-5.45¬Å	1		0	2					no
Q13882	PTK6	446	E448K-7.13¬Å	1		0	2					no
Q13882	PTK6	447	E448K-3.87¬Å	1		0	1					no
Q14145	KEAP1	43	S45F-6.39¬Å	1		0	2					no
Q14145	KEAP1	97	A95T-6.53¬Å	1		0	2					no
Q14145	KEAP1	108	S103Y-8.25¬Å	1		0	5					no
Q14145	KEAP1	112	E117K-8.94¬Å	1		0	5					no
Q14145	KEAP1	287	Q284L-5.24¬Å	1		0	3					no
Q14145	KEAP1	551	R554Q-9.43¬Å	1		0	3					no
Q14191	WRN	887	R889Q-5.46¬Å	1		0	2					no
Q14191	WRN	1073	K1072N-3.89¬Å	1		0	1					no
Q14202	ZMYM3	53	S54L-3.83¬Å	1		0	1					no
Q14202	ZMYM3	172	S172F-0.00¬Å	1		0	0					yes
Q14202	ZMYM3	297	R295C-6.63¬Å	1		0	2					no
Q14202	ZMYM3	439	R443W-6.13¬Å	1		0	4					no
Q14202	ZMYM3	1100	R1100C-0.00¬Å	1		0	0					yes
Q14202	ZMYM3	1123	R1126W-7.76¬Å	1		0	3					no
Q14202	ZMYM3	1298	R1296C-5.41¬Å, F1301L-4.94¬Å	2		0	2,3					no
Q14203	DCTN1	145	R143Q-6.88¬Å	1		0	2					no
Q14203	DCTN1	453	R455H-5.41¬Å	1		0	2					no
Q14203	DCTN1	618	R614C-6.13¬Å	1		0	4					no
Q14203	DCTN1	920	P918L-6.44¬Å	1		0	2					no
Q14203	DCTN1	993	E992K-3.89¬Å	1		0	1					no
Q14203	DCTN1	996	E992K-6.29¬Å	1		0	4					no
Q14203	DCTN1	1001	R1006Q-8.60¬Å	1		0	5					no
Q14203	DCTN1	1182	P1181L-3.85¬Å, A1183T-3.85¬Å	2		0	1					no
Q14240	EIF4A2	2	F4A-6.50¬Å	1		0	2					no
Q14240	EIF4A2	5	F4A-3.82¬Å	1		0	1					no
Q14790	CASP8	63	L66V-5.33¬Å	1		0	3					no
Q14790	CASP8	113	R111I-6.41¬Å	1		0	2					no
Q14790	CASP8	130	R127Q-9.30¬Å	1		0	3					no
Q14790	CASP8	148	E148K-0.00¬Å	1		0	0					yes
Q14790	CASP8	156	S158F-5.96¬Å	1		0	2					no
Q14790	CASP8	178	K180T-5.48¬Å	1		0	2					no
Q14790	CASP8	183	K180T-5.06¬Å	1		0	3					no
Q14790	CASP8	224	I226L-6.94¬Å	1		0	2					no
Q14790	CASP8	263	S268L-8.62¬Å	1		0	5					no
Q14790	CASP8	273	S268L-8.50¬Å	1		0	5					no
Q14790	CASP8	305	R307W-5.52¬Å	1		0	2					no
Q14790	CASP8	448	P453L-9.12¬Å	1		0	5					no
Q14832	GRM3	266	R261Q-9.37¬Å, A269T-5.59¬Å	2		0	3,5					no
Q14832	GRM3	754	T758M-6.17¬Å	1		0	4					no
Q14839	CHD4	987	R992Q-8.37¬Å	1		0	5					no
Q14839	CHD4	1092	E1094K-7.30¬Å	1		0	2					no
Q14839	CHD4	1335	R1338I-8.81¬Å	1		0	3					no
Q14839	CHD4	1831	R1828C-5.20¬Å	1		0	3					no
Q14847	LASP1	59	A55V-9.55¬Å	1		0	4					no
Q14847	LASP1	68	V65L-6.46¬Å, L72F-6.52¬Å, R73H-8.77¬Å	3		0	3,4,5					no
Q14847	LASP1	75	L72F-5.17¬Å, R73H-5.45¬Å	2		0	2,3					no
Q14980	NUMA1	73	R72Q-3.86¬Å	1		0	1					no
Q14980	NUMA1	76	R72Q-9.39¬Å	1		0	4					no
Q14980	NUMA1	379	E381K-5.56¬Å	1		0	2					no
Q14980	NUMA1	1187	S1187L-0.00¬Å	1		0	0					yes
Q14980	NUMA1	1518	L1520M-5.36¬Å	1		0	2					no
Q14980	NUMA1	1744	R1743H-3.32¬Å	1		0	1					no
Q14980	NUMA1	1800	R1802H-7.03¬Å	1		0	2					no
Q14980	NUMA1	1802	R1802H-0.00¬Å	1		0	0					yes
Q14980	NUMA1	1804	R1802H-7.37¬Å	1		0	2					no
Q14980	NUMA1	1964	R1966H-5.66¬Å, R1967Q-8.35¬Å	2		0	2,3					no
Q14980	NUMA1	1969	R1966H-7.67¬Å, R1967Q-4.59¬Å	2		0	2,3					no
Q14980	NUMA1	2055	P2056S-3.83¬Å	1		0	1					no
Q15022	SUZ12	139	D136Y-5.70¬Å	1		0	3					no
Q15022	SUZ12	140	D136Y-6.39¬Å	1		0	4					no
Q15022	SUZ12	537	R535Q-6.63¬Å	1		0	2					no
Q15047	SETDB1	862	E861K-3.84¬Å	1		0	1					no
Q15154	PCM1	754	K754N-0.00¬Å	1		0	0					yes
Q15154	PCM1	755	K754N-3.87¬Å	1		0	1					no
Q15154	PCM1	776	S776L-0.00¬Å	1		0	0					yes
Q15154	PCM1	859	G855C-7.79¬Å	1		0	4					no
Q15154	PCM1	960	S960L-0.00¬Å	1		0	0					yes
Q15154	PCM1	1531	R1529C-5.44¬Å	1		0	2					no
Q15233	NONO	86	D84N-6.50¬Å	1		0	2					no
Q15233	NONO	109	H106Y-5.70¬Å, G110E-3.85¬Å	2		0	1,3					no
Q15233	NONO	184	R184L-0.00¬Å	1		0	0					yes
Q15233	NONO	186	R184L-5.60¬Å, S188P-6.39¬Å	2		0	2					no
Q15233	NONO	188	S188P-0.00¬Å	1		0	0					yes
Q15233	NONO	190	S188P-5.30¬Å	1		0	2					no
Q15233	NONO	364	R364W-0.00¬Å	1		0	0					yes
Q15262	PTPRK	357	E358K-3.80¬Å	1		0	1					no
Q15276	RABEP1	277	T279M-5.48¬Å	1		0	2					no
Q15276	RABEP1	282	T279M-5.11¬Å	1		0	3					no
Q15303	ERBB4	576	G573D-5.85¬Å	1		0	3					no
Q15303	ERBB4	714	R711C-9.98¬Å, L713F-3.84¬Å	2		0	1,3					no
Q15303	ERBB4	873	E872K-3.87¬Å	1		0	1					no
Q15303	ERBB4	1022	L1023S-3.86¬Å	1		0	1					no
Q15303	ERBB4	1051	P1053L-7.16¬Å	1		0	2					no
Q15303	ERBB4	1162	P1165L-9.66¬Å	1		0	3					no
Q15303	ERBB4	1188	E1187K-3.37¬Å	1		0	1					no
Q15303	ERBB4	1242	Y1242F-0.00¬Å	1		0	0					yes
Q15306	IRF4	103	R98W-8.62¬Å, D106Y-8.95¬Å	2		0	3,5					no
Q15306	IRF4	181	V182I-3.79¬Å	1		0	1					no
Q15306	IRF4	325	A320P-7.34¬Å, G323R-6.51¬Å	2		0	2,5					no
Q15365	PCBP1	23	H21Q-5.40¬Å	1		0	2					no
Q15365	PCBP1	202	D203N-3.83¬Å	1		0	1					no
Q15375	EPHA7	601	K601T-0.00¬Å, P603S-6.12¬Å	2		0	0,2					yes
Q15375	EPHA7	606	K601T-9.22¬Å, P603S-8.83¬Å	2		0	3,5					no
Q15375	EPHA7	614	D616N-5.32¬Å	1		0	2					no
Q15375	EPHA7	810	E806K-5.53¬Å	1		0	4					no
Q15375	EPHA7	892	D891Y-3.89¬Å, R895Q-5.04¬Å	2		0	1,3					no
Q15596	NCOA2	76	R81C-8.55¬Å	1		0	5					no
Q15596	NCOA2	78	R81C-5.12¬Å	1		0	3					no
Q15596	NCOA2	489	R491H-7.45¬Å	1		0	2					no
Q15596	NCOA2	493	R491H-7.07¬Å	1		0	2					no
Q15596	NCOA2	1169	R1169C-0.00¬Å	1		0	0					yes
Q15596	NCOA2	1261	R1261Q-0.00¬Å	1		0	0					yes
Q15596	NCOA2	1266	R1261Q-8.47¬Å	1		0	5					no
Q15643	TRIP11	248	R252Q-6.06¬Å	1		0	4					no
Q15643	TRIP11	251	R252Q-3.86¬Å	1		0	1					no
Q15643	TRIP11	1169	R1167Q-5.36¬Å, D1170Y-3.85¬Å	2		0	1,2					no
Q15643	TRIP11	1374	S1376L-5.44¬Å	1		0	2					no
Q15643	TRIP11	1479	A1481V-5.48¬Å	1		0	2					no
Q15643	TRIP11	1808	R1804W-6.10¬Å	1		0	4					no
Q15788	NCOA1	517	V519I-7.28¬Å	1		0	2					no
Q15796	SMAD2	118	R120Q-5.77¬Å	1		0	2					no
Q15796	SMAD2	121	R120Q-3.85¬Å	1		0	1					no
Q15796	SMAD2	128	R133C-8.15¬Å	1		0	5					no
Q15796	SMAD2	317	N318S-3.82¬Å, R321Q-8.37¬Å	2		0	1,4					no
Q15831	STK11	307	I303N-8.71¬Å, R304W-8.39¬Å, W308C-3.86¬Å	3		0	1,3,4					no
Q15910	EZH2	27	R25Q-5.53¬Å	1		0	2					no
Q15910	EZH2	61	R64M-7.71¬Å	1		0	3					no
Q15910	EZH2	75	R78H-8.62¬Å	1		0	3					no
Q15910	EZH2	76	R78H-5.95¬Å	1		0	2					no
Q15910	EZH2	277	S280C-7.81¬Å	1		0	3					no
Q15910	EZH2	345	R347Q-6.56¬Å	1		0	2					no
Q15910	EZH2	348	R347Q-3.84¬Å	1		0	1					no
Q15910	EZH2	729	E725K-9.93¬Å, E726D-8.96¬Å, D730N-3.86¬Å, Y733H-5.86¬Å	4		0	1,3,4					no
Q16204	CCDC6	349	R348H-3.81¬Å	1		0	1					no
Q16204	CCDC6	351	R348H-8.82¬Å	1		0	3					no
Q16204	CCDC6	411	I409M-7.32¬Å, P412L-3.36¬Å, S413P-7.22¬Å	3		0	1,2					no
Q16204	CCDC6	413	P412L-3.90¬Å, S413P-0.00¬Å	2		0	0,1					yes
Q16288	NTRK3	151	R153Q-6.73¬Å	1		0	2					no
Q16384	SSX1	50	R53I-5.05¬Å	1		0	3					no
Q16534	HLF	201	F200L-3.82¬Å	1		0	1					no
Q16832	DDR2	469	D472N-7.86¬Å	1		0	3					no
Q16832	DDR2	470	D472N-6.14¬Å, R473H-7.52¬Å	2		0	2,3					no
Q16832	DDR2	471	D472N-3.89¬Å, R473H-5.79¬Å	2		0	1,2					no
Q16832	DDR2	473	D472N-3.91¬Å, R473H-0.00¬Å	2		0	0,1					yes
Q16832	DDR2	481	R478H-9.12¬Å	1		0	3					no
Q16832	DDR2	675	S674Y-3.85¬Å	1		0	1					no
Q5H9F3	BCORL1	155	A157T-7.00¬Å	1		0	2					no
Q5H9F3	BCORL1	599	F598L-3.86¬Å	1		0	1					no
Q5JTC6	AMER1	250	E251K-3.87¬Å	1		0	1					no
Q5M775	SPECC1	130	S131L-3.81¬Å	1		0	1					no
Q5M775	SPECC1	131	S131L-0.00¬Å	1		0	0					yes
Q5M775	SPECC1	133	S131L-7.20¬Å	1		0	2					no
Q5M775	SPECC1	142	T144M-7.60¬Å	1		0	2					no
Q5M775	SPECC1	144	T144M-0.00¬Å	1		0	0					yes
Q5M775	SPECC1	145	T144M-3.92¬Å	1		0	1					no
Q5M775	SPECC1	189	R188Q-3.86¬Å	1		0	1					no
Q5M775	SPECC1	238	D242N-6.12¬Å	1		0	4					no
Q5M775	SPECC1	241	D242N-3.86¬Å	1		0	1					no
Q5M775	SPECC1	964	R965H-3.88¬Å, N966I-5.68¬Å	2		0	1,2					no
Q5M775	SPECC1	970	R965H-8.73¬Å, N966I-6.20¬Å	2		0	4,5					no
Q68CP9	ARID2	1262	R1261H-3.67¬Å	1		0	1					no
Q6N021	TET2	369	A368V-3.80¬Å	1		0	1					no
Q6NZY4	ZCCHC8	342	G341D-3.83¬Å	1		0	1					no
Q6NZY4	ZCCHC8	597	S597F-0.00¬Å	1		0	0					yes
Q6NZY4	ZCCHC8	598	S597F-3.91¬Å	1		0	1					no
Q6NZY4	ZCCHC8	601	S601F-0.00¬Å	1		0	0					yes
Q6P1J9	CDC73	150	R147C-5.25¬Å	1		0	3					no
Q6P1J9	CDC73	198	R194I-8.45¬Å	1		0	4					no
Q6P1J9	CDC73	520	M522T-5.62¬Å, K524N-6.48¬Å	2		0	2,4					no
Q6Q0C0	TRAF7	160	V163M-8.75¬Å	1		0	3					no
Q6Q0C0	TRAF7	197	G198R-3.86¬Å	1		0	1					no
Q6Q0C0	TRAF7	199	G198R-3.84¬Å	1		0	1					no
Q6UUV7	CRTC3	238	R240C-6.85¬Å	1		0	2					no
Q6UXM1	LRIG3	984	E982K-7.10¬Å, S984N-0.00¬Å, F985L-3.88¬Å	3		0	0,1,2					yes
Q6W2J9	BCOR	290	V293I-9.94¬Å	1		0	3					no
Q6W2J9	BCOR	294	V293I-3.73¬Å	1		0	1					no
Q6W2J9	BCOR	434	V436I-4.87¬Å	1		0	2					no
Q6W2J9	BCOR	569	A570T-3.27¬Å	1		0	1					no
Q6W2J9	BCOR	571	A570T-3.30¬Å	1		0	1					no
Q6W2J9	BCOR	1047	D1050N-9.42¬Å	1		0	3					no
Q6W2J9	BCOR	1269	S1271L-6.94¬Å	1		0	2					no
Q6W2J9	BCOR	1271	S1271L-0.00¬Å	1		0	0					yes
Q6ZN28	MACC1	184	R186H-5.24¬Å	1		0	2					no
Q6ZN28	MACC1	191	R186H-7.59¬Å	1		0	5					no
Q70Z35	PREX2	215	E213K-5.43¬Å	1		0	2					no
Q70Z35	PREX2	673	E676Q-6.34¬Å	1		0	3					no
Q70Z35	PREX2	679	E676Q-9.74¬Å, P681S-6.47¬Å	2		0	2,3					no
Q76L83	ASXL2	156	S156F-0.00¬Å	1		0	0					yes
Q76L83	ASXL2	370	F373L-5.12¬Å	1		0	3					no
Q7KZF4	SND1	40	Q38E-6.31¬Å	1		0	2					no
Q7KZF4	SND1	88	R87Q-3.84¬Å	1		0	1					no
Q7KZF4	SND1	238	P241L-9.96¬Å	1		0	3					no
Q7KZF4	SND1	240	P241L-3.86¬Å	1		0	1					no
Q7KZF4	SND1	389	R391C-6.39¬Å	1		0	2					no
Q7KZF4	SND1	436	R438C-6.27¬Å	1		0	2					no
Q7KZF4	SND1	848	S847F-3.86¬Å	1		0	1					no
Q7Z407	CSMD3	391	E392K-3.11¬Å	1		0	1					no
Q7Z407	CSMD3	1314	M1315T-3.87¬Å, R1316C-5.59¬Å	2		0	1,2					no
Q7Z7A1	CNTRL	998	S1003F-8.56¬Å	1		0	5					no
Q7Z7A1	CNTRL	1002	S1003F-3.84¬Å	1		0	1					no
Q7Z7A1	CNTRL	1475	E1478K-4.87¬Å	1		0	3					no
Q86U86	PBRM1	648	S648Y-0.00¬Å	1		0	0					yes
Q86V71	ZNF429	252	R249I-5.01¬Å	1		0	3					no
Q86V71	ZNF429	504	K500T-6.67¬Å	1		0	4					no
Q86V71	ZNF429	557	K557T-0.00¬Å, H559Y-5.36¬Å	2		0	0,2					yes
Q86V71	ZNF429	560	K557T-5.03¬Å, H559Y-3.83¬Å	2		0	1,3					no
Q86W92	PPFIBP1	798	A800T-6.18¬Å	1		0	2					no
Q86W92	PPFIBP1	999	S999F-0.00¬Å	1		0	0					yes
Q86YC2	PALB2	1165	S1165L-0.00¬Å, H1170L-5.21¬Å	2		0	0,5					yes
Q86YC2	PALB2	1167	S1165L-5.46¬Å, H1170L-8.25¬Å	2		0	2,3					no
Q8IUD2	ERC1	10	P13L-9.96¬Å	1		0	3					no
Q8IUD2	ERC1	14	P13L-3.84¬Å	1		0	1					no
Q8IUD2	ERC1	15	P13L-7.13¬Å	1		0	2					no
Q8IUD2	ERC1	27	R26H-3.82¬Å	1		0	1					no
Q8IUD2	ERC1	35	R33S-7.06¬Å, R34Q-3.26¬Å	2		0	1,2					no
Q8IUD2	ERC1	37	R34Q-9.93¬Å	1		0	3					no
Q8IWS0	PHF6	83	S83F-0.00¬Å	1		0	0					yes
Q8IZL2	MAML2	1089	F1087S-7.60¬Å, P1088S-3.87¬Å	2		0	1,2					no
Q8IZP0	ABI1	338	V339M-3.12¬Å, T340I-5.99¬Å	2		0	1,2					no
Q9NRM7	LATS2	154	R151W-5.15¬Å, S157F-6.09¬Å	2		0	3					no
Q9NRM7	LATS2	168	T168M-0.00¬Å	1		0	0					yes
Q9NRM7	LATS2	531	S528L-9.73¬Å	1		0	3					no
Q9NRM7	LATS2	598	A601T-5.35¬Å	1		0	3					no
Q9NYV4	CDK12	283	S283L-0.00¬Å	1		0	0					yes
Q9NYV4	CDK12	325	Y327C-6.99¬Å	1		0	2					no
Q9NYV4	CDK12	327	Y327C-0.00¬Å	1		0	0					yes
Q9NYV4	CDK12	770	R773C-5.03¬Å	1		0	3					no
Q9NYV4	CDK12	861	R858W-9.65¬Å	1		0	3					no
Q9NYV4	CDK12	889	R890H-3.85¬Å	1		0	1					no
Q9NYV4	CDK12	892	R890H-6.49¬Å	1		0	2					no
Q9NYV4	CDK12	973	P974L-3.88¬Å	1		0	1					no
Q9NYV4	CDK12	1045	E1041K-6.03¬Å	1		0	4					no
Q9Y618	NCOR2	106	R107H-3.80¬Å, R109W-9.52¬Å	2		0	1,3					no
Q9Y618	NCOR2	221	R224H-8.81¬Å	1		0	3					no
Q9Y618	NCOR2	335	R330H-8.51¬Å	1		0	5					no
Q9Y618	NCOR2	493	R488Q-9.13¬Å	1		0	5					no
Q9Y618	NCOR2	708	S708L-0.00¬Å	1		0	0					yes
Q9Y618	NCOR2	1308	R1309H-3.87¬Å	1		0	1					no
Q9Y618	NCOR2	1458	D1460N-7.48¬Å	1		0	2					no
Q9Y618	NCOR2	1504	E1505K-3.87¬Å	1		0	1					no
Q9Y618	NCOR2	1653	R1653Q-0.00¬Å	1		0	0					yes
Q9Y618	NCOR2	1794	S1794F-0.00¬Å	1		0	0					yes
Q9Y618	NCOR2	1861	S1861F-0.00¬Å	1		0	0					yes
Q9Y618	NCOR2	2037	R2036C-3.30¬Å	1		0	1					no
Q9Y618	NCOR2	2040	R2036C-9.52¬Å	1		0	4					no
