UniProt	gene	ptm_site	ptm_type	LTP Score	HTP Score
O15164	TRIM24	S1042	Phosphorylation	?	?
O15169	AXIN1	Y148	Phosphorylation	0	1
O43791	SPOP	S119	Phosphorylation	1	0
O60674	JAK2	Y613	Phosphorylation	1	0
O60716	CTNND1	S587	Phosphorylation	0	2
O60885	BRD4	S498	Phosphorylation	1	1
O75874	IDH1	T106	Phosphorylation	?	?
O75874	IDH1	Y34	Phosphorylation	0	3
O95251	KAT7	K524	Ubiquitination	0	1
O95573	ACSL3	K679	Ubiquitination	0	6
O95573	ACSL3	S683	Phosphorylation	0	17
P00519	ABL1	S229	Phosphorylation	0	67
P00533	EGFR	K253	Acetylation	0	1
P00533	EGFR	K716	Ubiquitination	5	5
P00533	EGFR	K745	Ubiquitination	1	1
P00533	EGFR	T290	Phosphorylation	0	1
P00533	EGFR	T790	Threonine phosphorylation	?	?
P01111	NRAS	K147	Ubiquitination	0	9
P01111	NRAS	S89	Phosphorylation	2	1
P01112	HRAS	C118	S-Nitrosylation	?	?
P01112	HRAS	K117	Ubiquitination	1	1
P01116	KRAS	C118	S-Nitrosylation	?	?
P01116	KRAS	K117	Ubiquitination	0	6
P01116	KRAS	K147	Ubiquitination	2	10
P01116	KRAS	T144	Phosphorylation	1	0
P01116	KRAS	T148	Phosphorylation	1	1
P01116	KRAS	Y64	Phosphorylation	3	8
P02786	TFRC	K717	Ubiquitination	0	2
P02786	TFRC	K720	Ubiquitination	0	2
P04439	HLA-A	K145	Ubiquitination	0	4
P04439	HLA-A	Y147	Phosphorylation	0	1
P04629	NTRK1	Y729	Phosphorylation	0	2
P04637	TP53	H115	Methylation	0	1
P04637	TP53	K120	Ubiquitination	46	29
P04637	TP53	K132	Ubiquitination	2	2
P04637	TP53	K139	Ubiquitination	1	0
P04637	TP53	K164	Ubiquitination	13	1
P04637	TP53	K291	Ubiquitination	3	1
P04637	TP53	R110	Methylation	0	1
P04637	TP53	R213	Methylation	0	1
P04637	TP53	R249	Phosphorylation	3	0
P04637	TP53	S106	Phosphorylation	1	1
P04637	TP53	S149	Phosphorylation	4	2
P04637	TP53	S215	Phosphorylation	6	0
P04637	TP53	S269	Phosphorylation	3	1
P04637	TP53	T155	Phosphorylation	5	1
P04637	TP53	T284	Phosphorylation	1	1
P04637	TP53	Y126	Phosphorylation	1	0
P04637	TP53	Y220	Phosphorylation	1	0
P04637	TP53	Y234	Phosphorylation	0	1
P05771	PRKCB	K199	Ubiquitination	0	5
P05771	PRKCB	K391	Ubiquitination	?	?
P05771	PRKCB	K481	Ubiquitination	?	?
P05771	PRKCB	S241	Phosphorylation	?	?
P05771	PRKCB	S661	Phosphorylation	14	1
P06400	RB1	Y321	Phosphorylation	0	4
P06400	RB1	Y325	Phosphorylation	0	4
P07949	RET	T350	Phosphorylation	0	1
P07954	FH	Y491	Phosphorylation	0	69
P08575	PTPRC	T860	Phosphorylation	0	1
P08575	PTPRC	T862	Phosphorylation	0	1
P08581	MET	Y1093	Phosphorylation	0	31
P10721	KIT	K642	Ubiquitination	?	?
P10721	KIT	Y578	Phosphorylation	0	2
P10721	KIT	Y823	Phosphorylation	3	14
P11309	PIM1	K94	Ubiquitination	0	1
P11309	PIM1	S98	Phosphorylation	0	1
P11802	CDK4	K22	Ubiquitination	0	4
P15498	VAV1	S802	Phosphorylation	0	1
P18074	ERCC2	K671	Ubiquitination	0	1
P21333	FLNA	K2000	Ubiquitination	0	2
P21333	FLNA	S2131	Phosphorylation	0	2
P21333	FLNA	S2284	Phosphorylation	0	13
P21860	ERBB3	N250	N-linked glycosylation	0	1
P21860	ERBB3	N353	N-linked glycosylation	0	1
P21860	ERBB3	N414	N-linked glycosylation	?	?
P23468	PTPRD	K1815	Ubiquitination	0	4
P23769	GATA2	Y376	Phosphorylation	?	?
P23771	GATA3	Y290	Phosphorylation	0	3
P26038	MSN	K388	Ubiquitination	0	4
P26232	CTNNA2	K15	Ubiquitination	0	12
P26232	CTNNA2	S667	Phosphorylation	0	4
P27635	RPL10	K158	Ubiquitination	0	4
P29320	EPHA3	S768	Phosphorylation	1	3
P29320	EPHA3	Y742	Phosphorylation	1	2
P31040	SDHA	K550	Acetylation	0	10
P31040	SDHA	R512	Methylation	0	1
P31040	SDHA	S509	Phosphorylation	0	1
P31749	AKT1	K39	Ubiquitination	0	4
P31749	AKT1	Y326	Phosphorylation	3	28
P35222	CTNNB1	K335	Ubiquitination	0	3
P35222	CTNNB1	S473	Phosphorylation	0	1
P35222	CTNNB1	T472	Phosphorylation	1	1
P35222	CTNNB1	T574	Phosphorylation	0	2
P35222	CTNNB1	Y331	Phosphorylation	1	2
P35268	RPL22	R101	Methylation	0	1
P35579	MYH9	S375	Phosphorylation	0	1
P35579	MYH9	T391	Phosphorylation	0	7
P36888	FLT3	K614	Ubiquitination	0	2
P36888	FLT3	K623	Ubiquitination	0	1
P36888	FLT3	Y589	Phosphorylation	7	1
P36888	FLT3	Y591	Phosphorylation	16	0
P36888	FLT3	Y597	Phosphorylation	2	0
P36888	FLT3	Y599	Phosphorylation	6	2
P36888	FLT3	Y842	Tyrosine phosphorylation	5	78
P40337	VHL	K159	Ubiquitination	1	0
P40337	VHL	R79	Methylation	0	4
P40337	VHL	S111	Phosphorylation	1	1
P40337	VHL	S168	Phosphorylation	1	0
P40337	VHL	S68	Phosphorylation	2	2
P40337	VHL	S72	Phosphorylation	3	1
P40337	VHL	S80	Phosphorylation	1	2
P40337	VHL	Y112	Phosphorylation	1	0
P40337	VHL	Y175	Phosphorylation	1	0
P40337	VHL	Y185	Phosphorylation	0	6
P40763	STAT3	K601	Ubiquitination	1	3
P40763	STAT3	Y674	Phosphorylation	0	3
P41212	ETV6	Y401	Phosphorylation	0	3
P41212	ETV6	Y402	Phosphorylation	0	3
P42574	CASP3	K105	Ubiquitination	0	4
P42574	CASP3	S150	Phosphorylation	3	0
P42574	CASP3	T152	Phosphorylation	1	0
P46531	NOTCH1	T1725	O-linked glycosylation	?	?
P46777	RPL5	Y219	Phosphorylation	0	1
P49802	RGS7	S434	Phosphorylation	1	0
P51532	SMARCA4	K1227	Ubiquitination	0	3
P51532	SMARCA4	K1386	Ubiquitination	0	3
P60484	PTEN	K125	Acetylation	2	0
P60484	PTEN	K128	Acetylation	3	0
P60484	PTEN	K13	Ubiquitination	6	0
P60484	PTEN	K163	Acetylation	1	1
P60484	PTEN	K164	Acetylation	0	1
P60484	PTEN	K254	SUMOylation	4	1
P60484	PTEN	K6	Ubiquitination	0	1
P60484	PTEN	S179	Phosphorylation	1	4
P60484	PTEN	T321	Phosphorylation	1	0
P60484	PTEN	Y138	Phosphorylation	3	0
P60484	PTEN	Y155	Phosphorylation	2	1
P60484	PTEN	Y174	Phosphorylation	2	13
P60484	PTEN	Y176	Phosphorylation	0	11
P60484	PTEN	Y178	Phosphorylation	0	11
P60484	PTEN	Y180	Phosphorylation	0	3
P60484	PTEN	Y27	Phosphorylation	1	0
P60484	PTEN	Y46	Phosphorylation	1	45
P60484	PTEN	Y68	Phosphorylation	2	1
P61244	MAX	K40	Ubiquitination	0	1
P61244	MAX	S42	Phosphorylation	0	3
P61586	RHOA	K27	SUMOylation	?	?
P61586	RHOA	K7	Ubiquitination	?	?
P61586	RHOA	N41	ADP-ribosylation	?	?
P61586	RHOA	S26	Phosphorylation	1	2
P61586	RHOA	T19	Phosphorylation	0	2
P61586	RHOA	T37	Phosphorylation	?	?
P61586	RHOA	T60	Phosphorylation	?	?
P61586	RHOA	Y34	Phosphorylation	2	15
P61586	RHOA	Y42	Phosphorylation	6	0
P63000	RAC1	Y32	O-linked glycosylation	1	1
Q01105	SET	K172	Ubiquitination	1	7
Q01196	RUNX1	T207	Phosphorylation	1	2
Q02535	ID3	S65	Phosphorylation	1	0
Q06124	PTPN11	K280	Acetylation	0	2
Q06124	PTPN11	S460	Phosphorylation	?	?
Q06124	PTPN11	T466	Phosphorylation	?	?
Q06124	PTPN11	T59	Phosphorylation	0	3
Q06124	PTPN11	T73	Phosphorylation	1	0
Q06124	PTPN11	Y515	Phosphorylation	0	16
Q06124	PTPN11	Y62	Phosphorylation	1	2117
Q06124	PTPN11	Y63	Phosphorylation	1	84
Q06124	PTPN11	Y66	Phosphorylation	0	15
Q06124	PTPN11	Y80	Phosphorylation	0	1
Q07812	BAX	T135	Phosphorylation	0	1
Q07812	BAX	T85	Phosphorylation	0	1
Q07864	POLE	K425	Ubiquitination	0	2
Q09472	EP300	K1518	Acetylation	1	0
Q09472	EP300	R580	Methylation	?	?
Q12778	FOXO1	S218	Phosphorylation	0	2
Q13485	SMAD4	K113	Ubiquitination	0	6
Q13485	SMAD4	K385	Ubiquitination	0	4
Q13485	SMAD4	K519	Monoubiquitination	2	3
Q13485	SMAD4	S504	Phosphorylation	0	2
Q13485	SMAD4	Y95	Phosphorylation	0	1
Q13535	ATR	K1019	Ubiquitination	0	1
Q14145	KEAP1	K131	Acetylation	0	8
Q14145	KEAP1	S599	Phosphorylation	1	1
Q14145	KEAP1	S602	Phosphorylation	1	1
Q14790	CASP8	K229	Ubiquitination	0	4
Q14790	CASP8	S230	Phosphorylation	?	?
Q14832	GRM3	T758	Phosphorylation	0	1
Q14839	CHD4	K959	Ubiquitination	?	?
Q14839	CHD4	S1073	Phosphorylation	?	?
Q15047	SETDB1	K809	Ubiquitination	0	1
Q15233	NONO	K107	Ubiquitination	0	30
Q15233	NONO	K99	Ubiquitination	0	70
Q15233	NONO	R115	Methylation	0	1
Q15303	ERBB4	Y875	Phosphorylation	0	7
Q15375	EPHA7	K653	Acetylation	0	1
Q15468	STIL	K60	Ubiquitination	0	2
Q15831	STK11	K178	SUMOylation	2	0
Q15831	STK11	S240	Phosphorylation	0	1
Q15910	EZH2	S690	Phosphorylation	0	1
Q15910	EZH2	Y641	Phosphorylation	1	0
Q9NYV4	CDK12	S886	Phosphorylation	0	2
